9;12;
5.5;12;8.208684;12;12;6.055944;12;12;1.5;
12;12;6.05823;12;12;1.677498;1.165499;1.118463;1.384071;
5.738933;12;8.156855;12;12;6.083434;12;12;1.448979;
12;12;6.05823;12;12;1.677498;1.165499;1.118463;1.384071;
5.91112;12;8.140662;12;12;6.10179;12;12;1.425888;
12;12;6.055665;12;12;1.678525;1.165254;1.117808;1.382455;
6.639277;12;8.12977;12;7.586366;6.151369;12;12;1.383939;
12;12;6.048268;12;12;1.681548;1.164558;1.115929;1.377818;
12;12;8.139308;12;7.160964;6.196548;12;12;1.358008;
12;12;6.041539;12;12;1.684372;1.163943;1.114237;1.373642;
12;12;8.157591;12;6.941497;6.240378;12;12;1.338575;
12;12;6.034887;12;12;1.687234;1.163353;1.112581;1.369552;
12;12;8.219624;12;6.644338;6.344314;12;12;1.305181;
12;12;6.020001;12;12;1.693904;1.162094;1.108934;1.360538;
12;12;8.219624;12;6.644338;6.344314;12;12;1.305181;
12;12;6.020001;12;12;1.693904;1.162094;1.108934;1.360538;
12;12;8.353517;12;6.388692;6.526227;12;12;1.268574;
12;12;5.999933;12;12;1.703506;1.160535;1.10415;1.348686;
12;12;8.572377;12;6.200514;6.798534;12;12;1.236514;
12;12;5.974115;12;12;1.716966;1.158768;1.098217;1.333924;
12;9.490547;8.735793;12;6.121273;7.007901;12;12;1.221308;
12;12;5.958477;12;12;1.725771;1.157832;1.094747;1.325249;
12;9.145452;8.913439;12;6.063233;7.26382;12;2.405973;1.209169;
12;12;5.944743;12;12;1.73394;1.157094;1.091776;1.317789;
12;8.741386;9.463615;12;5.970333;12;12;2.048438;1.187481;
12;12;5.916007;12;12;1.752463;1.155812;1.085797;1.302663;
12;8.599447;12;12;5.931869;12;12;1.956358;1.17731;
12;12;5.900371;12;12;1.763424;1.155265;1.082678;1.2947;
12;8.358743;12;12;5.862323;12;12;1.799328;1.155118;
12;12;5.861785;12;12;1.79351;1.154388;1.075392;1.275838;
12;8.312239;12;12;5.847886;12;12;1.767946;1.149762;
12;12;5.850357;12;12;1.803344;1.15426;1.073348;1.270463;
12;8.206158;12;12;5.815395;12;12;1.687829;1.134815;
12;12;5.815036;12;12;1.836869;1.154256;1.06736;1.254451;
12;8.138617;12;12;5.796604;12;12;1.619297;1.120423;
12;12;5.774213;12;12;1.882691;1.155015;1.061073;1.237052;
12;8.120932;12;12;5.793213;12;12;1.590605;1.113927;
12;12;5.75285;12;12;1.910482;1.155751;1.058056;1.228409;
12;8.114674;12;7.123518;5.798107;12;12;1.54129;1.102085;
12;12;5.707554;12;12;1.981212;1.158112;1.052295;1.211115;
12;8.124792;12;6.821388;5.805619;12;12;1.521771;1.097137;
12;12;5.685269;12;12;2.024104;1.159688;1.049782;1.203113;
12;8.169935;12;6.430317;5.830979;12;12;1.488449;1.088348;
12;12;5.638631;12;12;2.14424;1.163913;1.045222;1.187428;
12;8.24856;12;6.15948;5.870155;12;12;1.462349;1.081156;
12;12;5.58981;12;12;2.463988;1.169744;1.041484;1.172521;
12;8.304825;12;6.04215;5.896926;12;12;1.451111;1.077985;
12;12;5.562972;12;12;12;1.173597;1.03989;1.164976;
12;8.38221;12;5.924406;5.932938;12;12;1.440333;1.074926;
12;12;5.531819;12;12;12;1.178672;1.038458;1.156787;
12;8.580819;12;5.729907;6.021401;12;12;1.425682;1.070771;
12;12;5.468664;12;12;12;1.191065;1.036969;1.142043;
9.499582;8.70351;12;5.649297;6.073634;12;12;1.421625;1.069676;
12;12;5.437338;12;12;12;1.19832;1.03695;1.135645;
9.16326;8.865493;12;5.568455;6.140152;12;12;1.419219;1.069155;
12;12;5.402472;12;12;12;1.207315;1.037508;1.129231;
8.791447;9.289997;12;5.435059;6.296424;12;12;1.420895;1.070236;
12;12;5.336094;12;12;12;1.227308;1.040301;1.119067;
8.583689;12;12;5.332257;6.490345;11.94505;12;1.429124;1.073512;
12;12;5.276503;12;12;12;1.248751;1.044817;1.112218;
8.45482;12;12;5.252154;6.760543;11.86943;12;1.441394;1.078156;
12;12;5.224563;12;12;12;1.270423;1.05037;1.107999;
8.366639;12;12;5.185273;12;11.81015;12;1.457039;1.083906;
12;12;5.177315;12;12;12;1.292791;1.056782;1.105581;
8.298652;12;12;5.123271;12;11.75787;12;1.476465;1.09099;
12;12;5.130553;12;12;12;1.317668;1.064458;1.104523;
8.229239;12;12;5.043195;12;11.69319;12;1.510134;1.103112;
12;6.713934;5.066116;12;12;12;1.356929;1.077297;1.105258;
8.19077;12;12;4.984257;12;11.64685;12;1.542428;1.114519;
12;6.40273;5.015992;12;12;12;1.391975;1.089185;1.107601;
8.163839;12;12;4.928676;12;11.60348;12;1.579956;1.127471;
12;6.179018;4.966861;12;11.97535;12;1.430701;1.102535;1.111423;
8.145194;12;12;4.871716;12;11.55876;12;1.62687;1.143173;
12;5.97982;4.914882;12;11.91643;12;1.477072;1.118581;1.117132;
8.1338;12;12;4.797221;12;11.49882;12;1.704324;1.167794;
12;5.745994;4.844876;12;11.83607;12;1.549963;1.143502;1.127579;
8.134274;12;6.404761;4.742461;12;11.45297;12;1.77619;1.189095;
12;5.587404;4.79231;12;11.77495;12;1.614313;1.164874;1.137551;
8.142201;12;5.954637;4.685618;12;11.40334;12;1.868815;1.214285;
12;5.431827;4.73705;12;11.70994;12;1.693235;1.189976;1.150057;
8.162024;12;5.609619;4.615452;12;11.33915;12;2.020625;1.249979;
12;5.249933;4.668125;12;11.62769;12;1.813316;1.225352;1.16865;
8.186255;12;5.386984;4.557243;12;11.28227;12;2.205917;1.283745;
12;5.106745;4.610826;12;11.55828;12;1.939803;1.258486;1.18673;
8.210241;12;5.2334;4.51126;12;11.23515;12;2.464639;1.313235;
12;4.997864;4.565584;12;11.50277;12;2.067051;1.287235;1.202753;
8.250012;12;5.046038;4.450475;12;11.17187;12;9.768538;1.356343;
12;4.857638;4.50534;12;11.42782;12;2.31387;1.329366;1.226581;
8.309291;12;4.845094;4.380159;12;11.09735;12;9.715875;1.412781;
12;4.699528;4.434951;12;11.33863;12;9.862182;1.384725;1.258208;
8.37122;12;4.684983;4.318235;12;11.02713;12;9.666668;1.468771;
12;4.565741;4.373555;12;11.25929;12;9.799083;1.439064;1.289336;
8.432449;12;4.555723;4.264313;12;10.96228;12;9.621996;1.522725;
12;4.453263;4.320777;12;11.18984;12;9.744944;1.490855;1.318907;
8.501555;12;4.432808;4.209889;12;10.8935;12;9.575609;1.582554;
12;4.343219;4.268245;12;11.11942;12;9.691091;1.547664;1.351103;
8.586947;12;4.304364;4.149819;12;10.81386;12;9.523326;1.655524;
12;4.22554;4.211235;12;11.0414;12;9.632608;1.616069;1.389396;
8.689334;12;4.180019;4.091727;12;10.73349;12;9.469945;1.734907;
12;4.111363;4.155978;12;10.96133;12;9.572463;1.690354;1.42952;
8.825775;12;4.05581;4.039381;12;10.66358;12;9.420135;1.818875;
12;4.000497;4.102628;12;10.87932;12;9.510962;1.771718;1.471832;
9.005104;12;3.936394;3.994799;12;10.6055;12;9.373618;1.905538;
12;3.895389;4.052866;12;10.79695;12;9.449058;1.859151;1.515206;
9.241603;12;3.825222;3.959213;12;10.56039;12;9.330631;1.993243;
12;3.797782;4.007814;12;10.71595;12;9.388095;1.951768;1.558784;
9.712785;12;3.69348;3.926746;12;10.52145;12;9.279367;2.108959;
12;3.681238;3.956259;12;10.61281;12;9.310457;2.081549;1.615752;
12;12;3.600787;3.912732;12;10.50753;12;9.242834;2.20055;
12;3.597956;3.921566;12;10.53426;12;9.251369;2.191774;1.660376;
12;12;3.512282;3.909289;12;10.50986;12;9.207436;2.298617;
12;3.516841;3.890197;12;10.45332;12;9.19057;2.319066;1.707598;
12;12;3.401981;3.926107;12;10.54737;12;9.16238;2.441267;
12;3.41255;3.854797;12;10.34175;12;9.10701;2.527653;1.774918;
12;4.837317;3.329232;3.958173;12;10.60859;12;9.131819;2.553674;
12;3.340997;3.835028;12;10.25946;12;9.045589;2.722262;1.826375;
12;4.307119;3.261965;4.014208;11.33032;10.71681;12;9.102914;2.677413;
5.012054;3.272076;3.820898;12;10.17496;12;8.982766;3.001261;1.880985;
12;3.913223;3.183881;4.143158;10.58825;11.00899;12;9.068197;2.861107;
4.329896;3.187222;3.813017;12;10.06238;12;8.89952;12;1.95679;
12;3.692241;3.132598;4.321559;10.23081;12;12;9.04448;3.02569;
4.062139;3.127155;3.816772;12;9.975666;12;8.835827;12;2.017792;
12;3.501436;3.086446;4.914856;9.923035;12;12;9.022295;3.244027;
3.841833;3.068186;3.831934;12;9.883458;12;8.768556;12;2.085454;
12;3.346121;3.049694;12;9.667592;12;12;9.003248;3.655159;
3.664392;3.015374;3.860402;12;9.793337;12;8.703291;12;2.154647;
12;3.176919;3.014138;12;9.379114;12;12;8.982203;12;
3.469622;2.95315;3.925192;12;9.674966;12;8.618398;12;2.250681;
12;3.068069;2.996905;12;9.184761;12;12;8.96916;12;
3.341888;2.91077;4.006235;12;9.584008;12;8.553865;12;2.329001;
12;2.971737;2.988765;12;9.004242;12;12;8.958546;12;
3.22598;2.871991;4.140886;12;9.490286;12;8.488058;12;2.414435;
12;2.889959;2.990933;12;8.842021;12;12;8.950644;12;
3.124276;2.838434;4.428412;10.61981;9.397341;12;8.423533;12;2.504572;
12;2.794271;3.013452;12;8.635842;12;9.955734;8.944418;12;
2.999048;2.799166;12;10.1595;9.265433;12;8.333338;12;2.643525;
3.882266;2.737639;3.046531;12;8.500137;12;9.612964;8.943106;12;
2.919516;2.776637;12;9.91241;9.168596;12;8.26822;12;2.75551;
3.517584;2.690373;3.097981;12;8.37285;12;9.352552;8.944849;12;
2.847499;2.759109;12;9.690151;9.069216;12;8.202419;12;2.88146;
3.222883;2.643894;3.199727;12;8.222359;12;9.076793;8.951485;12;
2.76632;2.744864;12;9.428026;8.938863;12;8.117811;12;3.068836;
3.051285;2.618145;3.324788;12;8.111272;12;8.882923;8.961914;12;
2.709817;2.740728;12;9.22994;8.831795;12;8.049858;12;3.2493;
2.922595;2.603589;3.504114;12;8.013759;12;8.715673;8.975607;12;
2.663259;2.743442;12;9.049689;8.728341;12;7.9856;12;3.459274;
2.820446;2.599038;3.810891;12;7.925408;12;8.563439;8.993545;12;
2.624124;2.752944;12;8.878664;8.625111;12;7.922938;12;3.732853;
2.714422;2.608803;12;12;7.819616;12;8.376263;9.025947;12;
2.58218;2.776991;12;8.659779;8.486028;12;7.840982;12;12;
2.652652;2.629159;12;12;7.748128;12;8.243342;9.059455;12;
2.557815;2.804798;12;8.499064;8.37904;12;7.780002;12;12;
2.604825;2.661431;12;12;7.682705;12;8.118979;9.093427;12;
2.539579;2.841937;12;8.341391;8.270245;12;7.719986;12;12;
2.559228;2.721708;12;12;7.595885;12;7.973988;9.081292;12;
2.522939;2.90791;12;8.130695;8.120909;12;7.641651;12;12;
2.536999;2.780446;12;12;7.529777;12;7.879037;9.015908;12;
2.516332;2.971444;12;7.974165;8.007477;12;7.585492;12;12;
2.524555;2.845932;12;8.981011;7.467379;12;7.80043;8.914827;12;
2.514813;3.042706;12;7.831889;7.902627;12;7.536224;12;12;
2.518662;2.956023;12;8.312499;7.379169;12;7.704626;8.733404;12;
2.519847;3.164814;12;7.641015;7.75945;12;7.4732;12;12;
2.52242;3.06692;12;7.98198;7.304811;12;7.635524;8.567034;12;
2.529944;3.29202;12;7.489387;7.643735;12;7.426007;12;12;
2.532786;3.199115;12;7.722589;7.23006;12;7.575173;8.399683;12;
2.544871;3.451694;12;7.345045;7.532005;12;7.383765;12;12;
2.548753;3.360118;12;7.505339;7.155262;12;7.522624;8.23774;12;
2.564129;3.665679;12;7.20792;7.424477;12;7.346362;12;12;
2.579404;3.675827;12;7.244595;7.049926;12;7.459857;8.023081;12;
2.597944;12;12;7.025392;7.279318;12;7.301221;8.683067;12;
2.609642;4.222655;12;7.063947;6.966627;12;7.418361;7.865157;12;
2.629856;12;12;6.888578;7.169029;12;7.271316;8.297373;12;
2.645219;12;12;6.897402;6.882241;12;7.382914;7.715422;12;
2.66663;12;12;6.755769;7.060778;12;7.245936;8.02599;12;
2.690821;12;12;6.72531;6.787565;12;7.350379;7.558762;12;
2.713159;12;12;6.612633;6.94282;12;7.223123;7.783939;12;
2.756471;12;12;6.525951;6.668498;12;7.319922;7.377072;12;
2.77958;12;12;6.440273;6.799037;12;7.202822;7.533792;12;
2.815556;12;12;6.377402;6.573585;12;7.303747;7.243113;12;
2.839089;12;12;6.30797;6.687408;12;7.193399;7.362972;12;
2.881273;12;12;6.235343;6.478118;12;7.294875;7.117051;12;
2.905145;12;12;6.178823;6.577384;12;7.190233;7.209742;12;
2.955083;12;12;6.096923;6.380928;12;7.293835;6.99677;12;
2.979274;12;12;6.050864;6.467368;12;7.193947;7.06879;12;
3.036646;12;12;5.963443;6.283563;12;7.301561;6.883644;12;
3.061191;12;12;5.925779;6.358858;12;7.205384;6.939963;12;
3.166046;12;12;5.782884;6.146575;12;7.329455;6.735755;12;
3.191255;12;12;5.75437;6.208638;12;7.236584;6.775894;12;
3.27376;12;12;5.654848;6.046017;12;7.365291;6.634797;12;
3.299695;12;12;5.631533;6.099906;12;7.273081;6.666203;12;
3.397263;12;12;5.527423;5.943352;12;7.419258;6.53778;12;
3.424284;12;12;5.50841;5.990022;12;7.32554;6.562248;12;
3.597062;12;12;5.355917;5.801407;12;7.536233;6.412923;12;
3.626589;12;12;5.341549;5.839673;12;7.433849;6.43022;12;
3.771528;12;12;5.234267;5.698297;12;7.675745;6.328493;12;
3.804302;12;12;5.222535;5.731435;12;7.554862;6.341888;12;
3.991652;12;12;5.111193;5.59209;12;7.963488;6.246669;12;
4.030725;12;12;5.101668;5.620664;12;7.761697;6.256908;12;
4.287303;12;12;4.990532;5.486234;12;12;6.170041;12;
4.342671;12;12;4.982798;5.510885;12;12;6.177805;12;
12;12;12;4.834538;5.347008;12;12;6.076357;12;
12;12;12;4.82866;5.367307;12;12;6.081654;12;
12;12;12;4.713617;5.237365;12;12;6.007995;12;
12;12;12;4.70889;5.254779;12;12;6.011826;12;
12;12;12;4.595389;5.128787;12;12;5.944828;12;
12;12;12;4.591584;5.143747;12;12;5.947524;12;
12;12;12;4.445858;4.989612;12;12;5.870241;12;
12;12;12;4.442982;5.001931;12;12;5.871841;12;
12;12;12;4.337651;4.887688;12;12;5.820049;12;
12;12;12;4.335318;4.898361;12;12;5.821043;12;
12;12;12;4.23074;4.786014;12;12;5.773647;12;
12;12;12;4.228851;4.795266;12;12;5.774168;12;
12;12;12;4.125435;4.684966;12;12;5.731117;12;
12;12;12;4.12391;4.692983;12;12;5.731268;12;
12;12;12;3.987458;4.55124;12;12;5.68029;12;
12;12;12;3.986316;4.557868;12;12;5.680077;12;
12;12;12;3.889831;4.455735;12;12;5.647786;12;
12;12;12;3.888907;4.461514;12;12;5.647384;12;
12;12;12;3.794453;4.361737;12;12;5.618897;12;
12;12;12;3.793705;4.36678;12;12;5.618351;12;
12;12;12;3.670863;4.23893;12;12;5.585832;12;
12;12;12;3.670302;4.243152;12;12;5.585148;12;
12;12;12;3.578802;4.146726;12;12;5.564528;12;
12;12;12;3.578353;4.150415;12;12;5.563772;12;
12;12;12;3.490825;4.058036;12;12;5.54694;12;
12;12;12;3.490466;4.061275;12;12;5.546137;12;
12;12;12;3.40777;3.973795;12;12;5.532916;7.247684;
12;12;12;3.40748;3.976651;12;12;5.532085;7.281113;
12;12;12;3.30184;3.865633;12;12;5.518843;6.786891;
12;12;5.138925;3.301624;3.868062;12;12;5.51799;6.797462;
12;12;4.633207;3.222137;3.783718;12;12;5.511209;6.576022;
12;12;4.623312;3.221967;3.785867;12;12;5.51035;6.583066;
12;12;4.359905;3.144278;3.703258;12;12;5.506333;6.410519;
12;12;4.354026;3.144144;3.705161;12;12;5.505474;6.415664;
12;12;4.152696;3.071579;3.627738;12;12;5.504195;6.278515;
12;12;4.14856;3.071475;3.629434;12;12;5.503339;6.28249;
12;12;3.91079;2.973614;3.525365;12;12;5.50522;6.124605;
12;12;3.907997;2.973541;3.526811;12;12;5.504376;6.127501;
12;12;3.757795;2.905029;3.453279;12;12;5.508762;6.029334;
12;12;3.755611;2.904974;3.454571;12;12;5.507934;6.03169;
12;12;3.617387;2.83789;3.38238;12;12;5.514637;5.94409;
12;12;3.615644;2.83785;3.383535;12;12;5.513821;5.94602;
12;12;3.488417;2.772862;3.313393;12;12;5.522723;5.867995;
12;12;3.487;2.772834;3.314431;12;12;5.521921;5.869606;
12;12;3.327801;2.687598;3.222467;12;12;5.53715;5.776579;
12;12;3.326716;2.687583;3.22336;12;12;5.536369;5.777846;
12;12;3.221587;2.628708;3.159347;12;12;5.549828;5.718348;
12;12;3.220678;2.6287;3.160154;12;12;5.549063;5.719427;
12;12;3.118804;2.569886;3.096036;12;12;5.564875;5.66379;
12;12;3.118037;2.569883;3.096773;12;12;5.564116;5.664721;
12;12;2.995593;2.497061;3.017294;12;12;5.587045;5.600836;
12;12;2.994977;2.497064;3.017938;12;12;5.586309;5.601594;
12;12;2.909424;2.444669;2.960392;12;12;5.605616;5.55846;
12;12;2.908894;2.444675;2.96098;12;12;5.60489;5.55912;
12;12;2.823992;2.391563;2.902499;12;12;5.626859;5.517844;
12;12;2.823538;2.391572;2.903033;12;12;5.626143;5.518417;
12;12;2.74685;2.342632;2.84896;12;12;5.648753;5.482392;
12;12;2.746459;2.342642;2.849443;12;12;5.648056;5.48289;
12;12;2.653921;2.282473;2.782877;12;12;5.678993;5.441291;
12;12;2.653596;2.282485;2.783306;12;12;5.67831;5.441707;
12;12;2.586787;2.238197;2.734055;12;12;5.703794;5.412713;
12;12;2.586503;2.23821;2.73445;12;12;5.703122;5.413081;
12;12;2.522434;2.195121;2.686405;12;12;5.730184;5.386221;
12;12;2.522184;2.195134;2.686768;12;12;5.729518;5.386547;
12;12;2.465041;2.156183;2.643202;12;12;5.756118;5.363363;
12;12;2.464819;2.156197;2.643538;12;12;5.755464;5.363653;
12;12;2.406311;2.115834;2.598302;12;12;5.785262;5.340732;
12;12;2.406111;2.115849;2.598615;12;12;5.784601;5.340994;
12;12;2.339875;2.06958;2.546665;12;12;5.821789;5.316082;
12;12;2.339694;2.069596;2.54696;12;12;5.821111;5.316319;
12;12;2.293248;2.036733;2.509887;12;12;5.849951;5.2994;
12;12;2.293081;2.03675;2.510171;12;12;5.849257;5.29962;
12;12;2.248076;2.004612;2.473835;12;12;5.879454;5.28373;
12;12;2.247931;2.004627;2.474089;12;12;5.87879;5.28392;
12;12;2.193024;1.965064;2.429324;12;12;5.918725;5.265306;
12;12;2.192892;1.96508;2.429565;12;12;5.918043;5.26548;
12;12;2.155322;1.937728;2.398479;12;12;5.947965;5.253126;
12;12;2.155192;1.937744;2.398723;12;12;5.94723;5.253296;
12;12;2.120371;1.912203;2.369621;12;12;5.976978;5.242154;
12;12;2.120244;1.91222;2.369866;12;12;5.976196;5.24232;
12;12;2.079541;1.882163;2.335586;12;12;6.013453;5.229729;
12;12;2.079429;1.882179;2.335808;12;12;6.012691;5.229874;
12;12;2.050811;1.860881;2.311427;12;12;6.040975;5.221244;
12;12;2.050724;1.860894;2.311601;12;12;6.040342;5.221358;
12;12;2.024841;1.841542;2.289435;12;12;6.067327;5.213763;
12;12;2.024771;1.841553;2.28958;12;12;6.066778;5.213856;
12;12;2.008744;1.829505;2.275732;12;12;6.08442;5.20922;
12;12;2.008647;1.829522;2.275934;12;12;6.083623;5.209346;
12;12;1.974373;1.803683;2.246291;12;12;6.123029;5.199749;
12;12;1.97428;1.803699;2.24649;12;12;6.122182;5.199869;
12;12;1.957095;1.790638;2.231396;12;12;6.143631;5.195114;
12;12;1.956947;1.790666;2.231717;12;12;6.142214;5.195304;
12;12;1.938269;1.776378;2.215099;12;12;6.167071;5.190151;
12;12;1.938199;1.776391;2.215253;12;12;6.166368;5.190241;
12;12;1.92495;1.766257;2.203521;12;12;6.184346;5.186702;
12;12;1.924925;1.766263;2.203578;12;12;6.184073;5.186735;
12;12;1.916;1.759439;2.195709;12;12;6.196332;5.184404;
12;12;1.916102;1.759418;2.195479;12;12;6.197458;5.184274;
12;12;1.906842;1.755126;2.196419;12;12;6.175147;5.18611;
12;12;12;5.117095;12;12;7.396747;12;12;
12;12;1.89143;1.754184;2.21916;12;12;6.071321;5.198251;
12;12;12;5.115137;12;12;7.400261;12;12;
12;12;1.862161;1.759444;2.2936;12;12;5.850345;5.238393;
12;12;12;5.110414;12;12;7.40292;12;12;
12;12;1.835313;1.770763;2.403013;12;12;5.656287;5.300165;
12;12;12;5.104874;12;12;7.403344;12;12;
12;2.780906;1.806756;1.792806;2.6116;12;12;5.459197;5.415005;
12;12;12;5.096986;12;12;7.40206;12;12;
12;2.560976;1.789871;1.815325;2.881179;12;12;5.342058;5.535781;
12;12;12;5.090267;12;12;7.399975;12;12;
12;2.321665;1.769688;1.867616;12;12;12;5.190443;5.859954;
12;12;12;5.077521;12;12;7.394739;12;12;
12;2.191853;1.761932;1.923517;12;12;12;5.109527;6.363897;
12;12;12;5.066311;12;12;7.389234;12;12;
12;2.080919;1.762192;2.007567;12;12;12;5.05558;12;
12;12;12;5.052355;12;12;7.381648;12;12;
12;2.003091;1.771761;2.112073;12;12;12;5.041645;12;
12;12;12;5.038144;12;12;7.373309;12;12;
12;1.929331;1.799009;2.307594;12;12;6.057274;5.080022;12;
12;12;12;5.017879;12;12;7.360665;12;12;
12;1.888767;1.834369;2.553715;12;12;5.579755;5.165325;12;
12;12;12;5.000293;12;12;7.349186;12;12;
2.734842;1.862514;1.883492;3.048959;12;12;5.298252;5.31412;12;
12;12;12;4.981598;12;12;7.336583;12;12;
2.460698;1.849186;1.948875;12;12;12;5.113548;5.558612;12;
12;12;12;4.96179;12;12;7.322884;12;12;
2.247104;1.850562;2.073847;12;12;12;4.960811;6.319392;12;
12;12;12;4.932549;12;12;7.302176;12;12;
2.147424;1.86613;2.202046;12;12;12;4.907229;12;12;
12;12;12;4.909526;12;12;7.285556;12;12;
2.077318;1.895053;2.381037;12;12;6.735613;4.898708;12;12;
12;12;12;4.884871;12;12;7.267515;12;12;
2.031192;1.937533;2.643776;12;12;5.680994;4.936152;12;12;
12;12;12;4.859263;12;12;7.248583;12;12;
1.997152;2.022302;12;12;12;5.17988;5.075115;12;9.29783;
12;12;12;4.821787;12;12;7.220596;12;12;
1.990891;2.106319;12;12;12;4.969704;5.26201;12;7.993271;
12;12;12;4.79314;12;12;7.199012;12;12;
1.998627;2.215257;12;12;12;4.828874;5.578929;12;7.562808;
12;12;12;4.763062;12;12;7.176221;12;12;
2.019984;2.357631;12;12;12;4.739138;6.333616;12;7.310435;
12;12;12;4.73155;12;12;7.152234;12;12;
2.067806;2.617808;12;12;12;4.684742;12;12;7.131306;
12;12;12;4.688863;12;12;7.119612;12;12;
2.124425;2.956056;12;12;5.60697;4.686262;12;12;7.0719;
12;12;6.436815;4.652492;12;12;7.091752;12;12;
2.19173;12;12;12;5.177339;4.723351;12;12;7.074142;
12;12;6.203721;4.617802;12;12;7.065135;12;12;
2.277397;12;12;12;4.903797;4.799604;12;12;7.129684;
12;12;6.029127;4.581209;12;12;7.037041;12;12;
2.419372;12;12;12;4.668006;4.970615;12;8.195242;7.288275;
12;12;5.836986;4.531863;12;12;6.999147;12;12;
2.558882;12;12;12;4.543275;5.185131;12;7.628487;7.495409;
12;12;5.703284;4.492471;12;12;6.968972;12;12;
2.72995;12;12;12;4.45518;5.536205;12;7.310846;7.813931;
12;12;5.580173;4.452846;12;12;6.938663;12;12;
2.963576;12;12;12;4.391181;12;12;7.087921;8.509507;
12;12;5.457328;4.410306;12;12;6.906222;12;12;
3.429668;12;12;5.513599;4.34339;12;12;6.898096;12;
12;12;5.307221;4.354499;12;12;6.863867;12;12;
12;12;12;5.0411;4.328681;12;12;6.801299;12;
12;12;5.19767;4.311276;12;12;6.831227;12;12;
12;12;12;4.743738;4.330642;12;12;6.732213;12;
12;12;5.088647;4.266279;12;12;6.797422;12;12;
12;12;12;4.533366;4.348143;12;12;6.687157;12;
12;12;4.984585;4.221575;12;12;6.764013;12;12;
12;12;12;4.316493;4.397519;12;12;6.652807;12;
12;12;4.844339;4.158731;12;12;6.717399;12;12;
12;12;12;4.192187;4.453749;12;12;6.643398;12;
12;12;4.743174;4.111642;12;12;6.682747;12;12;
12;12;12;4.089042;4.529231;12;12;6.64428;12;
12;12;4.643832;4.064011;12;12;6.648;12;12;
12;12;12;3.976117;4.668268;12;7.978339;6.657403;12;
12;12;4.514434;4.000004;12;12;6.601774;12;12;
12;12;12;3.904048;4.819012;12;7.517116;6.673965;12;
12;12;4.417626;3.950722;12;12;6.5666;12;12;
12;12;5.471903;3.833742;5.085249;12;7.199591;6.697205;12;
12;12;4.309965;3.894559;12;12;6.52701;8.010364;12;
12;12;4.74502;3.765808;12;12;6.945684;6.725193;12;
12;12;4.191105;3.830967;12;12;6.482879;7.678629;12;
12;12;4.443037;3.717532;12;12;6.783268;6.747779;12;
12;12;4.096381;3.779144;12;12;6.447515;7.47116;12;
12;12;4.215117;3.67384;12;12;6.645301;6.768444;12;
12;12;4.0024;3.72677;12;12;6.41237;7.289293;12;
12;12;4.031368;3.634407;12;12;6.52641;6.785116;12;
12;12;3.910323;3.674567;12;12;6.378003;7.125946;12;
12;12;3.821122;3.584888;12;12;6.383558;6.798031;12;
12;12;3.784778;3.601994;12;12;6.33157;6.919549;12;
12;12;3.692112;3.552245;12;12;6.29281;6.797472;12;
12;12;3.696181;3.549841;12;12;6.299328;6.782267;12;
12;12;3.572478;3.520782;12;12;6.206398;6.787463;12;
12;12;3.606013;3.496041;12;12;6.267084;6.647982;12;
12;12;3.432005;3.482514;12;12;6.102245;6.757318;12;
12;12;3.490142;3.425906;12;12;6.22682;6.481852;12;
12;12;3.327977;3.453644;12;12;6.023063;6.718144;12;
12;12;3.397588;3.369141;12;12;6.195903;6.353406;12;
12;12;3.235053;3.427637;12;12;5.950886;6.667362;12;
12;12;3.310202;3.31501;12;12;6.168018;6.234967;12;
12;12;3.148734;3.403483;12;12;5.8827;6.604891;12;
12;12;3.225263;3.261921;12;12;6.14252;6.122202;12;
12;12;3.040593;3.374037;12;12;5.795491;6.504896;12;
12;12;3.114187;3.191941;12;12;6.112103;5.977604;12;
12;4.309134;2.962286;3.35384;12;12;5.731133;6.417127;12;
12;12;3.030796;3.139081;12;12;6.092053;5.870892;12;
12;3.90661;2.888681;3.33613;12;12;5.669897;6.322739;12;
12;12;2.950347;3.087907;12;12;6.075629;5.76925;12;
12;3.623429;2.814136;3.319695;12;12;5.607582;6.215558;12;
12;12;2.867034;3.034776;12;12;6.062549;5.665312;12;
12;3.345997;2.723216;3.302806;12;12;5.531541;6.070784;12;
12;12;2.763275;2.968582;12;12;6.053565;5.537584;12;
12;3.169951;2.656516;3.293523;12;12;5.476182;5.955934;12;
12;4.066033;2.685895;2.919341;12;12;6.053893;5.443501;12;
12;3.010635;2.590449;3.288656;12;12;5.421764;5.836652;12;
12;3.675789;2.60836;2.870292;12;12;6.06232;5.350124;12;
12;2.868699;2.527226;3.289888;12;12;5.370318;5.718112;12;
12;3.410702;2.533436;2.823376;12;12;6.080873;5.260647;12;
12;2.7393;2.466192;3.299158;12;12;5.321543;5.600217;12;
12;3.195631;2.460503;2.778392;12;12;6.112777;5.174211;12;
12;2.581339;2.387581;3.329892;12;12;5.260721;5.444101;12;
12;2.952226;2.365779;2.721466;12;12;6.186467;5.062885;12;
12;2.472628;2.330755;3.372528;12;12;5.219686;5.32799;12;
12;2.792274;2.296951;2.681608;12;12;6.280824;4.982683;12;
12;2.373291;2.277483;3.447771;12;12;5.183007;5.218576;12;
12;2.650834;2.231964;2.645478;12;12;6.442273;4.90777;12;
12;2.279866;2.226377;3.605464;12;12;5.149992;5.111663;12;
12;2.520766;2.169135;2.612787;12;12;12;4.835512;12;
12;2.163442;2.161616;10.98572;12;12;5.112866;4.973655;12;
12;2.362021;2.088732;2.575274;12;12;12;4.743647;12;
3.26333;2.085896;2.117848;10.88671;12;12;5.092888;4.878699;12;
12;2.257913;2.033954;2.553526;12;12;12;4.681713;12;
2.896673;2.012395;2.076724;10.78741;12;12;5.077341;4.787155;12;
12;2.16049;1.981534;2.537301;12;12;12;4.622439;12;
2.588171;1.9229;2.026993;10.65772;12;11.87045;5.067563;4.673048;12;
12;2.043035;1.917032;2.525959;12;12;12;4.550125;12;
2.412869;1.861655;1.994006;10.56238;12;11.75955;5.067895;4.593443;12;
12;1.963348;1.8728;2.526992;12;12;12;4.50058;6.045206;
2.265079;1.804486;1.964301;10.46738;12;11.64802;5.076565;4.517818;12;
12;1.889308;1.831585;2.538118;12;11.97606;12;4.454581;5.646351;
2.093198;1.732033;1.928883;10.33625;12;11.4926;5.106556;4.419728;12;
2.765194;1.795732;1.779825;2.576252;12;11.86481;12;4.397058;5.292335;
1.985712;1.683973;1.907865;10.24147;12;11.38016;5.14307;4.353781;12;
2.494827;1.733758;1.746099;2.62821;12;11.78502;12;4.360047;5.093495;
1.890505;1.639468;1.890105;10.14507;12;11.26516;5.203187;4.291104;12;
2.296822;1.676235;1.715665;2.716967;12;11.70544;12;4.326856;4.922317;
1.805969;1.599324;1.877765;10.05138;12;11.15431;5.282559;4.234606;12;
2.141309;1.624206;1.689156;2.885094;12;11.62847;12;4.298772;4.775509;
1.704865;1.551031;1.870073;9.923524;12;11.00293;5.456841;4.163549;12;
1.969396;1.560773;1.659697;10.29216;12;11.52423;12;4.266847;4.599411;
1.639281;1.520007;1.871912;9.829185;12;10.89157;5.707118;4.116039;12;
1.863857;1.519204;1.642982;10.16043;12;11.44825;12;4.248723;4.484327;
1.581445;1.493114;1.880269;9.735478;12;10.78175;12;4.073543;5.823387;
1.773383;1.482368;1.630853;10.03166;12;11.37437;12;4.235919;4.381437;
1.530111;1.469727;1.894866;9.640636;12;10.67245;12;4.036146;5.288668;
1.69436;1.449586;1.623157;9.90471;12;11.30226;12;4.228856;4.288682;
1.469056;1.442992;1.925924;9.508265;12;10.52459;12;3.994172;4.911483;
1.601417;1.410903;1.62012;9.733606;12;11.20685;12;4.229486;4.176518;
1.429893;1.426731;1.957689;9.407005;12;10.41676;12;3.970839;4.703953;
1.541947;1.386587;1.623881;9.608267;12;11.13874;12;4.238504;4.103307;
1.395121;1.412417;1.994433;9.302454;12;10.31297;12;3.956427;4.530739;
1.489097;1.365345;1.632207;9.485154;12;11.07445;12;4.256332;4.039373;
1.364492;1.400094;2.036983;9.196956;12;10.21628;12;3.951745;4.385996;
1.442645;1.347307;1.645362;9.365702;12;11.01494;12;4.283247;3.984695;
1.327995;1.38614;2.108586;9.051614;12;10.09695;12;3.962083;4.223209;
1.387573;1.327379;1.672248;9.206489;12;10.9408;12;4.336201;3.922803;
1.303546;1.377583;2.179395;8.939896;12;10.01688;12;3.984411;4.120843;
1.350959;1.315627;1.701109;9.086714;12;10.88958;12;4.391303;3.884379;
1.282197;1.370982;2.271408;8.830845;12;9.949404;12;4.01995;4.036854;
1.319252;1.307037;1.737906;8.970849;12;10.84445;12;4.459814;3.853796;
1.26162;1.365813;2.424784;8.712736;12;9.889868;12;4.076654;3.961491;
1.288964;1.301032;1.790348;8.845663;12;10.80132;12;4.554796;3.827945;
1.239918;1.363757;12;8.568759;12;9.834463;12;4.174788;3.8907;
1.25741;1.298991;1.881252;8.691268;12;10.75749;12;4.712745;3.805968;
1.227666;1.368389;12;8.462585;12;9.799482;12;4.267292;3.851962;
1.239204;1.303182;1.982406;8.575307;12;10.73109;11.54861;4.875763;3.795229;
1.219393;1.379008;12;8.358164;12;9.768833;12;4.378495;3.823712;
1.225991;1.312842;2.133996;8.460406;12;10.71168;11.06989;5.110563;3.789338;
1.214721;1.403997;12;8.21715;12;9.732493;12;4.57176;3.799453;
1.215799;1.335528;12;8.305002;12;10.69981;10.66129;12;3.789064;
1.216301;1.430752;12;8.114562;12;9.709258;12;4.760075;3.790872;
1.213998;1.359706;12;8.192273;12;10.70594;10.41749;12;3.794565;
1.222145;1.465098;12;8.013357;12;9.688836;12;5.021811;3.789261;
1.216887;1.390572;12;8.081576;12;10.73068;10.20156;12;3.804811;
1.232583;1.50911;12;7.910536;12;9.670729;12;5.616086;3.79417;
1.224599;1.429848;12;7.969731;12;10.7885;9.999807;12;3.82023;
1.253297;1.582809;12;7.776279;12;9.651431;12;12;3.81003;
1.242004;1.494886;12;7.824688;12;11.04282;9.756263;12;3.848193;
1.276666;1.660435;12;7.665551;12;9.639963;10.71467;12;3.83093;
1.262732;1.562354;12;7.705893;12;12;9.56858;12;3.878208;
1.302013;1.744295;12;7.568601;12;9.633803;10.22058;12;3.854972;
1.285744;1.633885;12;7.602459;12;12;9.412156;12;3.90991;
1.345357;1.894956;12;7.433509;12;9.633261;9.795666;12;3.897534;
1.325673;1.758314;12;7.459144;12;12;9.204464;12;3.963084;
1.384282;2.046374;12;7.332459;12;9.640932;9.544801;12;3.936478;
1.361823;1.876806;12;7.352494;12;12;9.055778;12;4.010226;
1.430095;2.263142;12;7.229503;12;9.6586;9.321155;12;3.98272;
1.404516;2.030812;12;7.244247;12;12;8.909364;12;4.065339;
1.486195;2.729594;12;7.119924;12;9.694184;9.106622;12;4.039746;
1.456886;2.258276;12;7.129452;12;12;8.758539;12;4.132627;
1.546144;12;12;7.017578;12;9.749782;8.923018;12;4.100704;
1.512775;2.631393;12;7.022546;12;12;8.621822;12;4.204458;
1.634529;12;12;6.886813;12;9.890669;8.705437;12;4.190706;
1.594954;12;12;6.886328;12;12;8.452397;12;4.310758;
1.710925;12;12;6.788403;12;12;8.551677;12;4.2685;
1.665667;12;12;6.784051;12;12;8.328432;12;4.403336;
1.796399;12;12;6.690732;12;12;8.405963;12;4.355498;
1.744339;12;12;6.682711;12;12;8.208164;12;4.508046;
1.892446;12;12;6.593598;12;12;8.26685;12;4.453192;
1.832082;12;12;6.582063;12;12;8.091115;12;4.627628;
2.045342;12;12;6.460847;12;12;8.084686;12;4.608563;
1.97004;12;12;6.444685;12;12;7.934997;12;4.823845;
2.176144;12;12;6.364436;12;12;7.957405;12;4.741349;
2.086038;12;12;6.345028;12;12;7.824267;12;5.000044;
2.326989;12;12;6.26925;12;12;7.835373;12;4.894363;
2.216951;12;12;6.246702;12;12;7.717005;12;5.218714;
2.57647;12;12;6.142654;12;12;7.678082;12;5.147222;
2.424622;12;12;6.116014;12;12;7.577406;12;5.667854;
2.839627;12;12;6.043392;12;12;7.558398;12;5.41384;
2.626442;12;12;6.013598;12;12;7.470315;12;12;
3.220464;12;12;5.951292;12;12;7.449985;12;5.79996;
2.865163;12;12;5.918602;12;12;7.37276;12;12;
12;12;12;5.8588;12;12;7.343491;12;12;
3.214229;12;12;5.823228;12;12;7.276506;12;12;
12;12;12;5.739875;12;12;7.209876;12;12;
12;12;12;5.70061;12;12;7.155235;12;12;
12;12;7.277442;5.64807;12;12;7.109156;12;12;
12;12;12;5.60597;12;12;7.063524;12;12;
12;12;6.879903;5.557883;12;12;7.012182;12;12;
12;12;12;5.512996;12;12;6.97504;12;12;
12;12;6.575927;5.464151;12;12;6.91341;12;12;
12;12;12;5.416362;12;12;6.884778;12;12;
12;12;6.261625;5.348788;12;12;6.794594;12;12;
12;12;6.917397;5.297418;12;12;6.776086;12;12;
12;12;6.046728;5.260519;12;12;6.705698;12;12;
12;12;6.518098;5.206393;12;12;6.694736;12;12;
12;12;5.858723;5.177673;12;12;6.623844;12;12;
12;12;6.239956;5.120941;12;12;6.619844;12;12;
12;12;5.674079;5.09159;12;12;6.540404;12;12;
12;12;5.992537;5.03213;12;12;6.543562;12;12;
12;12;5.440326;4.976397;12;12;6.431347;12;12;
12;12;5.699478;4.913245;12;12;6.444015;12;12;
12;12;5.281514;4.894444;12;12;6.355587;12;12;
12;12;5.508619;4.828624;12;12;6.375018;12;12;
12;12;5.127213;4.812137;12;12;6.28106;12;12;
12;12;5.327686;4.743602;12;12;6.307321;12;12;
12;12;4.932938;4.70496;12;12;6.186432;12;12;
12;12;5.104671;4.632823;12;12;6.221704;12;12;
12;12;4.785327;4.62104;12;12;6.114309;12;12;
12;12;4.93803;4.546014;12;12;6.15678;12;12;
12;12;4.648646;4.541529;12;12;6.047638;12;12;
12;12;4.785477;4.463706;12;12;6.097091;12;12;
12;12;4.518156;4.464086;12;12;5.984333;12;12;
12;12;4.64116;4.383471;12;12;6.040783;7.932291;12;
12;12;4.354686;4.365096;12;12;5.905882;12;12;
12;12;4.461926;4.280796;12;12;5.971642;7.204188;12;
12;12;4.232585;4.289817;12;12;5.848197;12;12;
12;12;4.329022;4.20261;12;12;5.921382;6.908027;12;
12;12;4.115852;4.216858;12;12;5.794037;7.344254;12;
12;12;4.202642;4.126736;12;12;5.87477;6.672279;12;
12;12;4.00207;4.144889;12;12;5.742421;6.946426;12;
12;12;4.08003;4.051775;12;12;5.83102;6.46855;12;
12;12;3.848832;4.046777;12;12;5.675216;6.573745;12;
12;12;3.915698;3.949365;12;12;5.775365;6.221255;12;
12;12;3.740782;3.976893;12;12;5.629805;6.356686;12;
12;12;3.800313;3.876233;12;12;5.738909;6.060632;12;
12;12;3.639072;3.910674;12;12;5.588883;6.172759;12;
12;12;3.692036;3.80676;12;12;5.70718;5.917623;12;
12;12;3.536443;3.843525;12;12;5.549729;6.001728;12;
12;12;3.583081;3.736108;12;12;5.678211;5.780134;12;
12;12;3.402162;3.755372;12;12;5.502408;5.794794;12;
12;12;3.44094;3.642962;12;12;5.645965;5.60914;12;
12;12;3.306627;3.692616;12;12;5.472013;5.656924;12;
12;12;3.340077;3.576313;12;12;5.627842;5.492922;12;
12;12;3.214372;3.632141;12;12;5.445789;5.529978;12;
12;12;3.242861;3.511753;12;12;5.615041;5.384586;12;
12;4.548586;3.096509;3.555346;12;12;5.417709;5.375526;12;
12;12;3.11891;3.429162;12;12;5.607091;5.251357;12;
12;4.116241;3.004831;3.496245;12;12;5.401024;5.260753;12;
12;12;3.02267;3.364996;12;12;5.609187;5.151533;12;
12;3.825019;2.91682;3.440323;12;12;5.390261;5.154601;12;
12;4.270428;2.930408;3.303633;12;12;5.620039;5.058712;12;
12;3.597467;2.834845;3.389252;12;12;5.385923;5.059067;12;
12;3.900513;2.844573;3.246857;12;12;5.640259;4.974863;12;
12;3.341685;2.729978;3.325946;12;12;5.390536;4.941316;12;
12;3.557369;2.734894;3.175091;12;12;5.685709;4.871243;12;
12;3.174231;2.654523;3.282347;12;12;5.402946;4.859584;12;
12;3.350327;2.656049;3.124346;12;12;5.737962;4.799235;12;
12;3.019078;2.580106;3.241541;12;12;5.425024;4.78139;12;
12;3.165781;2.578333;3.075345;12;12;5.81428;4.730365;12;
12;2.875587;2.50763;3.204603;12;12;5.458967;4.707537;12;
12;2.999549;2.502678;3.028971;12;12;5.928255;4.665411;12;
12;2.700566;2.414766;3.162941;12;12;5.528322;4.616268;12;
12;2.80109;2.405763;2.972267;12;12;6.22363;4.585414;12;
12;2.582696;2.349643;3.139107;12;12;5.603637;4.554584;12;
12;2.669521;2.337797;2.935026;12;12;12;4.531631;12;
12;2.469942;2.285549;3.121935;12;12;5.714763;4.495827;12;
12;2.544938;2.27088;2.901202;12;12;12;4.480729;12;
12;2.32873;2.203026;3.113807;12;11.96535;5.988158;4.423218;12;
12;2.390384;2.184654;2.863515;12;12;12;4.418489;12;
12;2.232394;2.145467;3.12316;12;11.88128;12;4.374772;12;
12;2.285745;2.124434;2.842882;12;12;12;4.377558;5.977158;
12;2.142377;2.090916;3.152047;12;11.79861;12;4.330708;12;
12;2.188474;2.06727;2.829684;12;12;12;4.340937;5.560578;
12;2.056007;2.038041;3.216341;12;11.71514;12;4.289917;12;
12;2.095546;2.011738;2.825622;12;12;12;4.307782;5.29269;
2.946605;1.952583;1.974337;3.500955;12;11.60914;12;4.243674;5.496696;
12;1.984716;1.944598;2.839417;12;11.96318;12;4.271521;5.033557;
2.660132;1.879502;1.92933;10.61655;12;11.52967;12;4.213284;5.229998;
3.024282;1.906653;1.896935;2.871096;12;11.90012;12;4.248916;4.873579;
2.439813;1.808491;1.885888;10.4859;12;11.44826;12;4.186157;5.019602;
2.670327;1.830962;1.850667;2.93746;12;11.83665;12;4.230131;4.730525;
2.266802;1.744218;1.847121;10.3604;12;11.37041;12;4.164244;4.852642;
2.43795;1.762562;1.809056;3.078073;12;11.77722;12;4.216644;4.609114;
2.079178;1.666645;1.801631;10.19768;12;11.27012;12;4.142251;4.670488;
2.205232;1.680093;1.759627;10.5279;12;11.70278;12;4.206347;4.470596;
1.957891;1.612512;1.771296;10.07507;12;11.19512;12;4.130785;4.552332;
2.061258;1.622558;1.72607;10.38923;12;11.64897;12;4.204425;4.378133;
1.851761;1.56287;1.7451;9.954325;12;11.12182;12;4.124094;4.44876;
1.938175;1.569767;1.696422;10.25331;12;11.59822;12;4.207907;4.295813;
1.724424;1.500995;1.715922;9.789201;12;11.02261;12;4.122938;4.324354;
1.793209;1.503846;1.661925;10.06838;12;11.53307;12;4.222243;4.195817;
1.644123;1.461054;1.700363;9.670954;12;10.95241;12;4.128291;4.245863;
1.702986;1.461153;1.641999;9.936549;12;11.49001;12;4.240129;4.13238;
1.57177;1.42482;1.689887;9.552547;12;10.8829;12;4.139336;4.175145;
1.622316;1.422247;1.626529;9.805005;12;11.45049;12;4.265275;4.07521;
1.488736;1.383572;1.685093;9.398728;12;10.79396;12;4.163101;4.094036;
1.530302;1.377605;1.614006;9.634756;12;11.40574;12;4.310389;4.00994;
1.433703;1.357003;1.689214;9.282761;12;10.72806;12;4.18891;4.040336;
1.469546;1.348491;1.611039;9.50684;12;11.37809;12;4.355322;3.967162;
1.382188;1.333366;1.702239;9.160239;12;10.65963;12;4.224572;3.990143;
1.412745;1.322134;1.614926;9.372058;12;11.35616;12;4.415091;3.927778;
1.340208;1.315708;1.723945;9.046539;12;10.59737;12;4.266485;3.949327;
1.366423;1.301884;1.626041;9.247318;12;11.34445;12;4.484344;3.896472;
1.293068;1.29909;1.770665;8.896544;12;10.51731;12;4.337163;3.903654;
1.314208;1.281667;1.654072;9.083188;12;11.34686;11.97551;4.602232;3.862786;
1.263565;1.291926;1.824005;8.783484;12;10.45873;12;4.404455;3.875212;
1.281267;1.271588;1.687657;8.959774;12;11.3691;11.43703;4.718751;3.84309;
1.239221;1.289711;1.899293;8.670833;12;10.40206;12;4.486559;3.8519;
1.253751;1.266227;1.734818;8.837049;12;11.42207;11.11413;4.871251;3.828353;
1.220153;1.292683;2.006531;8.560044;12;10.34822;12;4.586122;3.833832;
1.23175;1.265795;1.798786;8.716571;12;11.54461;10.85243;5.084295;3.818668;
1.201788;1.305931;2.274189;8.407503;12;10.27759;12;4.767188;3.81682;
1.209558;1.273676;1.929823;8.551029;12;12;10.53899;12;3.813274;
1.194178;1.323004;12;8.29616;12;10.229;12;4.952553;3.810196;
1.199241;1.286171;2.081429;8.43043;12;12;10.33211;12;3.815303;
1.19153;1.346257;12;8.188122;12;10.18465;12;5.227645;3.808501;
1.193982;1.304271;2.351777;8.313571;12;12;10.14397;12;3.822245;
1.193686;1.377334;12;8.078645;12;10.14296;12;12;3.811629;
1.193462;1.329201;12;8.195308;12;12;9.963304;12;3.834462;
1.204286;1.432107;12;7.933199;12;10.09364;10.65641;12;3.82354;
1.200369;1.373841;12;8.038431;12;12;9.735836;12;3.859166;
1.218251;1.485175;12;7.823935;12;10.06211;10.34623;12;3.838516;
1.211385;1.417245;12;7.92074;12;12;9.572786;12;3.884456;
1.236714;1.547768;12;7.718971;12;10.03737;10.09654;12;3.857975;
1.22681;1.468192;12;7.807807;12;12;9.421551;12;3.914556;
1.269178;1.65267;12;7.579879;12;10.01526;9.805672;12;3.891812;
1.254825;1.552315;12;7.658319;12;12;9.228266;12;3.963883;
1.299653;1.752207;12;7.476146;12;10.00929;9.608348;12;3.92336;
1.281572;1.630098;12;7.54695;12;12;9.088836;12;4.008285;
1.337158;1.88206;12;7.36889;12;10.01641;9.417109;12;3.962038;
1.314748;1.727722;12;7.431897;12;12;8.948488;12;4.061728;
1.381623;2.055729;12;7.260633;12;10.04409;9.234507;12;4.007752;
1.354229;1.849627;12;7.315857;12;12;8.810437;12;4.124252;
1.42981;2.292003;12;7.159122;12;10.10238;9.071119;12;4.057196;
1.397046;1.994213;12;7.207131;12;12;8.684055;12;4.19165;
1.505444;12;12;7.022671;12;10.35081;8.86146;12;4.134686;
1.464097;2.269768;12;7.06109;12;12;8.518533;12;4.297681;
1.567579;12;12;6.925708;12;12;8.718436;12;4.198284;
1.518915;2.615998;12;6.957376;12;12;8.403756;12;4.385671;
1.6393;12;12;6.826437;12;12;8.576497;12;4.271664;
1.58179;12;12;6.851249;12;12;8.288577;12;4.488885;
1.752857;12;12;6.690369;12;12;8.388523;12;4.387851;
1.680271;12;12;6.705853;12;12;8.134344;12;4.657578;
1.847032;12;12;6.592738;12;12;8.257885;12;4.48427;
1.760783;12;12;6.601581;12;12;8.026186;12;4.804445;
1.952604;12;12;6.49625;12;12;8.131944;12;4.592477;
1.849596;12;12;6.49856;12;12;7.921281;12;4.980175;
2.073363;12;12;6.399656;12;12;8.008801;12;4.716483;
1.949057;12;12;6.395452;12;12;7.818186;12;5.204032;
2.267891;12;12;6.26904;12;12;7.846647;12;4.91702;
2.103636;12;12;6.256062;12;12;7.681789;12;5.698357;
2.440913;12;12;6.174028;12;12;7.731652;12;5.096609;
2.234033;12;12;6.154687;12;12;7.58472;12;12;
2.65522;12;12;6.079118;12;12;7.619136;12;5.321734;
2.383842;12;12;6.053423;12;12;7.489532;12;12;
3.055271;12;12;5.957635;12;12;7.478395;12;5.762336;
2.615315;12;12;5.92381;12;12;7.370291;12;12;
12;12;12;5.86524;12;12;7.373722;12;12;
2.837977;12;12;5.825225;12;12;7.281551;12;12;
12;12;12;5.774528;12;12;7.272885;12;12;
3.13296;12;12;5.728422;12;12;7.196089;12;12;
12;12;12;5.678564;12;12;7.168237;12;12;
12;12;12;5.625993;12;12;7.107479;12;12;
12;12;7.032356;5.561239;12;12;7.043066;12;12;
12;12;12;5.500725;12;12;7.001723;12;12;
12;12;6.695286;5.471771;12;12;6.949636;12;12;
12;12;12;5.40516;12;12;6.923026;12;12;
12;12;6.42602;5.382905;12;12;6.858537;12;12;
12;12;12;5.310193;12;12;6.846572;12;12;
12;12;6.191298;5.294583;12;12;6.769689;12;12;
12;12;12;5.215758;12;12;6.772351;12;12;
12;12;5.911228;5.177486;12;12;6.654473;12;12;
12;12;12;5.090462;12;12;6.676752;12;12;
12;12;5.720829;5.091295;12;12;6.571559;12;12;
12;12;12;4.998149;12;12;6.608531;12;12;
12;12;5.518416;4.994306;12;12;6.480204;12;12;
12;12;6.337619;4.894173;12;12;6.534074;12;12;
12;12;5.340679;4.904893;12;12;6.397842;12;12;
12;12;5.998613;4.798211;12;12;6.467723;12;12;
12;12;5.196069;4.829392;12;12;6.329715;12;12;
12;12;5.764;4.717087;12;12;6.413526;12;12;
12;12;4.989428;4.71748;12;12;6.231189;12;12;
12;12;5.46032;4.596649;12;12;6.336509;12;12;
12;12;4.844407;4.636267;12;12;6.161593;12;12;
12;12;5.260986;4.509095;12;12;6.283307;7.643045;12;
12;12;4.707792;4.557868;12;12;6.09599;12;12;
12;12;5.08033;4.424426;12;12;6.234303;7.294957;12;
12;12;4.532009;4.454432;12;12;6.011934;12;12;
12;12;4.855465;4.312459;12;12;6.173552;6.950314;12;
12;12;4.39617;4.372651;12;12;5.947593;12;12;
12;12;4.686247;4.223696;12;12;6.129023;6.722549;12;
12;12;4.273633;4.297582;12;12;5.890293;12;12;
12;12;4.536324;4.141998;12;12;6.091227;6.535232;12;
12;12;4.152238;4.222078;12;12;5.834473;7.54598;12;
12;12;4.389936;4.05959;12;12;6.056554;6.362288;12;
12;12;3.998939;4.125245;12;12;5.765752;6.954859;12;
12;12;4.207636;3.953486;12;12;6.017744;6.157981;12;
12;12;3.885784;4.052806;12;12;5.716646;6.676036;12;
12;12;4.074642;3.873758;12;12;5.993562;6.015509;12;
12;12;3.776628;3.98224;12;12;5.670893;6.449304;12;
12;12;3.947436;3.795745;12;12;5.97474;5.88383;12;
12;12;3.667179;3.910898;12;12;5.626936;6.247262;12;
12;12;3.820838;3.71647;12;12;5.961342;5.756905;12;
12;12;3.528654;3.819928;12;12;5.574667;6.016317;12;
12;12;3.6618;3.614675;12;12;5.954422;5.602934;12;
12;12;3.427977;3.753471;12;12;5.539547;5.86146;12;
12;12;3.546948;3.539705;12;12;5.958496;5.495401;12;
12;12;3.330983;3.689305;12;12;5.508475;5.720506;12;
12;12;3.436812;3.466728;12;12;5.971955;5.39512;12;
12;12;3.237526;3.627472;12;12;5.481582;5.591212;12;
12;12;3.331119;3.395744;12;12;5.996553;5.301498;12;
12;4.781092;3.1112;3.550496;12;12;5.444179;5.430338;12;
12;12;3.189626;3.299587;12;12;6.055044;5.178834;12;
12;4.220081;3.023505;3.497155;12;12;5.422604;5.321467;12;
12;12;3.091341;3.232013;12;12;6.12254;5.096191;12;
12;3.899284;2.936756;3.445656;12;12;5.404735;5.216753;12;
12;12;2.99415;3.164646;12;12;6.226644;5.016611;12;
12;3.652594;2.852994;3.395332;12;12;5.394224;5.117537;12;
12;12;2.900223;3.099;12;12;6.398803;4.942425;12;
12;3.381814;2.746377;3.333684;12;12;5.389307;4.995371;12;
12;12;2.780705;3.014921;12;12;12;4.851624;12;
12;3.205508;2.669381;3.291687;12;12;5.393065;4.909768;12;
12;3.947972;2.694351;2.953933;12;12;12;4.788617;12;
12;3.050551;2.59542;3.2494;12;12;5.410577;4.829248;12;
12;3.615701;2.611494;2.895145;12;12;12;4.731343;12;
12;2.863117;2.501313;3.201989;12;12;5.445923;4.730854;12;
12;3.29713;2.505986;2.820346;12;12;12;4.662051;12;
12;2.730145;2.431751;3.173368;12;12;5.485055;4.660132;12;
12;3.096745;2.427752;2.765212;12;12;12;4.613239;12;
12;2.609571;2.366241;3.150947;12;12;5.540312;4.59525;12;
12;2.925156;2.353925;2.713513;12;12;12;4.569996;6.071178;
12;2.497757;2.302723;3.131284;12;12;5.626554;4.534122;12;
12;2.770973;2.28246;2.663902;12;12;12;4.531312;5.677146;
12;2.350933;2.217168;3.119445;12;11.98331;5.817726;4.456147;12;
12;2.576674;2.185793;2.597732;11.99444;12;12;4.485148;5.323001;
12;2.255611;2.159397;3.119164;12;11.90256;6.132569;4.405717;12;
12;2.452916;2.120669;2.554291;11.86473;12;12;4.458157;5.130825;
12;2.165623;2.10513;3.142469;12;11.8195;12;4.360096;12;
12;2.339453;2.058663;2.514116;11.73616;12;12;4.436262;4.968838;
12;2.078604;2.05207;3.195682;12;11.73492;12;4.316775;12;
12;2.231135;1.997599;2.476275;11.60283;12;12;4.418728;4.822815;
3.02673;1.969549;1.985273;3.40787;12;11.62149;12;4.264813;5.744367;
12;2.097211;1.919713;2.431313;11.42276;12;12;4.404166;4.652629;
2.715792;1.896284;1.940464;10.63499;12;11.53998;12;4.23178;5.398191;
12;2.008111;1.866584;2.403689;11.2921;12;12;4.400667;4.544804;
2.492286;1.827175;1.897976;10.51136;12;11.46075;12;4.20296;5.157128;
12;1.924342;1.815753;2.380372;11.16093;12;12;4.403901;4.447764;
2.261266;1.742845;1.847307;10.34829;12;11.356;12;4.17097;4.916195;
12;1.822731;1.753258;2.358205;10.9876;12;12;4.41931;4.334358;
2.115106;1.682946;1.812204;10.22425;12;11.27682;12;4.151414;4.764405;
2.833348;1.750674;1.70854;2.348798;10.85394;12;12;4.441139;4.257232;
1.981609;1.624167;1.778992;10.09422;12;11.19445;12;4.135722;4.626019;
2.498002;1.679919;1.664515;2.347755;10.71227;12;11.83008;4.475277;4.184369;
1.872509;1.573525;1.751912;9.973973;12;11.11896;12;4.125923;4.513055;
2.286235;1.618791;1.626598;2.357138;10.57985;12;11.60387;4.519228;4.123973;
1.747655;1.512971;1.722199;9.818142;12;11.02316;12;4.120963;4.383453;
2.073489;1.545259;1.581482;2.389941;10.40581;12;11.33286;4.599141;4.055311;
1.664733;1.471684;1.704888;9.700947;12;10.95237;12;4.123235;4.297163;
1.943009;1.494622;1.551148;2.438286;10.27324;12;11.14202;4.681668;4.010636;
1.590635;1.434435;1.692635;9.584486;12;10.88224;12;4.130851;4.221383;
1.831745;1.448365;1.524256;2.520577;10.14152;12;10.96342;4.789764;3.972758;
1.524466;1.400455;1.683735;9.471513;12;10.8216;12;4.147207;4.151159;
1.734073;1.40564;1.500455;2.687479;10.00904;12;10.79337;4.937922;3.941208;
1.444138;1.359533;1.680243;9.316831;12;10.74303;12;4.18214;4.068462;
1.618662;1.352997;1.473285;12;9.827439;12;10.57395;5.274834;3.908699;
1.393459;1.334758;1.686195;9.204735;12;10.68758;12;4.216214;4.017517;
1.547323;1.319772;1.458396;12;9.69569;12;10.42356;12;3.892493;
1.34851;1.314104;1.700618;9.092233;12;10.63327;12;4.258797;3.973169;
1.4846;1.290503;1.447742;12;9.563147;12;10.2791;12;3.882546;
1.296889;1.293208;1.736328;8.940993;12;10.56255;12;4.33149;3.923373;
1.412615;1.257526;1.440646;12;9.384299;12;10.09435;12;3.879559;
1.264589;1.28296;1.778679;8.827901;12;10.51161;12;4.399766;3.893004;
1.367096;1.237631;1.441189;12;9.249908;12;9.962896;12;3.885591;
1.237686;1.277597;1.838684;8.715646;12;10.46289;12;4.482224;3.868375;
1.328356;1.221943;1.447122;12;9.11589;12;9.837904;12;3.899157;
1.21614;1.277276;1.922574;8.605304;12;10.41704;12;4.581488;3.849341;
1.296132;1.210501;1.458657;12;8.983477;12;9.720357;12;3.920555;
1.194902;1.285044;2.102061;8.458511;12;10.35969;12;4.753192;3.831787;
1.261739;1.201491;1.483723;12;8.806217;12;9.572329;12;3.963039;
1.184427;1.297725;2.384761;8.34729;12;10.31949;12;4.931739;3.824318;
1.241815;1.199476;1.511;12;8.671047;12;9.466833;12;4.00759;
1.178795;1.316987;12;8.235512;12;10.28245;12;5.199686;3.821867;
1.226904;1.201722;1.546578;12;8.534423;12;9.367019;12;4.065186;
1.178196;1.344643;12;8.119493;12;10.24827;11.14326;12;3.824732;
1.216686;1.208672;1.593358;12;8.391845;12;9.270665;12;4.141499;
1.184902;1.390706;12;7.977212;12;10.21362;10.60436;12;3.8359;
1.211265;1.22376;1.666827;12;8.215979;12;9.16396;12;4.264938;
1.195247;1.434617;12;7.872258;12;10.19456;10.32845;12;3.849692;
1.212173;1.239612;1.734668;12;8.085634;12;9.094699;12;4.384852;
1.209741;1.486464;12;7.770865;12;10.18283;10.09861;12;3.867645;
1.216934;1.258789;1.813749;12;7.959323;12;9.036853;12;4.534765;
1.228707;1.548917;12;7.669971;12;10.17964;9.892201;12;3.890203;
1.225398;1.281658;1.908997;12;7.833411;12;8.989882;12;4.736338;
1.260667;1.650915;12;7.538063;12;10.19333;9.645432;12;3.927103;
1.241987;1.317248;2.06813;12;7.668771;12;8.948481;12;5.177846;
1.288487;1.741235;12;7.444575;12;10.2216;9.482386;12;3.95863;
1.257469;1.346309;2.218403;12;7.552377;12;8.936852;12;12;
1.320975;1.852408;12;7.350747;12;10.2766;9.326567;12;3.995032;
1.276063;1.37857;2.435422;12;7.436152;12;8.94489;12;12;
1.36765;2.031443;12;7.235267;12;10.43624;9.14371;12;4.046836;
1.303083;1.422294;12;12;7.294523;12;8.9925;12;12;
1.41017;2.231433;12;7.143917;12;12;9.004985;12;4.093714;
1.32762;1.45973;12;12;7.184253;12;9.074;10.11907;12;
1.454446;2.53898;12;7.059054;12;12;8.880205;12;4.142318;
1.35287;1.496452;12;12;7.08389;12;9.206212;9.473032;12;
1.500682;12;12;6.979124;12;12;8.765894;12;4.192921;
1.378777;1.532435;12;12;6.99191;12;9.42205;9.091234;12;
1.556462;12;12;6.876322;12;12;8.544905;12;4.304173;
1.41564;1.580808;12;12;6.877043;12;12;8.70954;12;
1.541482;12;12;6.819918;12;12;8.30745;12;4.539898;
1.413243;1.602211;12;12;6.794611;12;12;8.611783;12;
1.532024;12;12;6.788931;12;12;8.165181;12;4.845455;
1.413354;1.627389;12;12;6.713617;12;12;8.521481;12;
1.527148;12;12;6.775717;12;12;8.080274;12;5.318255;
1.416212;1.658103;12;12;6.630218;12;12;8.43317;12;
1.527096;2.872633;12;6.778247;7.667875;12;8.036689;12;12;
1.423433;1.702598;12;12;6.529049;12;12;8.33181;12;
1.530735;2.824877;12;6.789701;7.291843;12;8.036564;12;12;
1.431336;1.740771;12;12;6.455053;12;12;8.261416;12;
1.536987;2.854611;12;6.806521;7.031095;12;8.057505;12;12;
1.441067;1.782619;12;12;6.383788;12;12;8.196393;12;
1.545826;12;12;6.827869;6.823127;12;8.097061;12;12;
1.452918;1.830171;12;12;6.312419;12;12;8.133876;12;
1.560987;12;12;6.860649;6.602649;12;8.174365;12;12;
1.471435;1.901482;12;12;6.220053;12;12;8.056626;12;
1.574499;12;12;6.887155;6.466526;12;8.248714;12;12;
1.487081;1.961111;12;12;6.15335;12;12;8.00329;12;
1.589226;12;12;6.913958;6.35077;12;8.334406;9.142422;12;
1.503646;2.025003;12;12;6.090353;12;12;7.954725;12;
1.605747;12;12;6.94213;6.245298;12;8.436697;8.800623;12;
1.521861;2.097356;12;12;6.027769;12;12;7.908166;12;
1.630005;12;12;6.980812;6.119528;12;8.601703;8.502707;12;
1.548154;2.208182;12;12;5.946608;12;12;7.850218;12;
1.649072;12;12;7.009665;6.03674;12;8.74896;8.342937;12;
1.568567;2.302013;12;12;5.889359;12;12;7.810938;12;
1.668368;12;12;7.038034;5.962983;12;8.923366;8.217781;12;
1.589067;2.406564;12;12;5.835894;12;12;7.775414;12;
1.695482;12;12;7.077403;5.871872;12;9.262033;8.08108;12;
1.617678;2.5814;12;12;5.766786;12;12;7.731143;12;
1.716559;12;12;7.108445;5.808737;12;12;7.996171;12;
1.639799;2.764653;12;12;5.717038;12;12;7.700391;12;
1.738002;12;12;7.141321;5.749892;12;12;7.923329;12;
1.66222;12;12;12;5.669385;12;12;7.671794;12;
1.761118;12;12;7.179606;5.691406;12;12;7.85638;12;
1.686324;12;12;12;5.620879;12;12;7.643555;12;
1.790418;12;12;7.236292;5.623315;12;12;7.78463;12;
1.716789;12;12;12;5.563078;12;12;7.611013;12;
1.81256;12;12;7.291445;5.575562;12;12;7.73796;12;
1.739772;12;12;12;5.521765;12;12;7.588495;12;
1.834931;12;12;7.375097;5.530065;12;12;7.696082;12;
1.762962;12;12;12;5.48185;12;12;7.567313;12;
1.857012;12;12;12;5.487515;12;12;7.659066;12;
1.785831;12;12;12;5.444071;12;12;7.547781;12;
1.886564;12;12;12;5.433752;12;12;7.615085;12;
1.816422;12;12;12;5.395769;12;12;7.523534;12;
1.907261;12;12;12;5.398001;12;12;7.587459;12;
1.837854;12;12;12;5.363328;12;12;7.507708;12;
1.927478;12;12;12;5.364415;12;12;7.562634;12;
1.8588;12;12;12;5.332641;12;12;7.493073;12;
1.9528;12;12;12;5.32402;12;12;7.534152;12;
1.885066;12;12;12;5.295481;12;12;7.475787;12;
1.972053;12;12;12;5.294421;12;12;7.514195;12;
1.905073;12;12;12;5.268097;12;12;7.463351;12;
1.989163;12;12;12;5.268825;12;12;7.497537;12;
1.922931;12;12;12;5.244331;12;12;7.452778;12;
2.004853;12;12;12;5.245886;12;12;7.483061;12;
1.939356;12;12;12;5.222966;12;12;7.443431;12;
2.024341;12;12;12;5.218004;12;12;7.466022;12;
1.959901;12;12;12;5.196939;12;12;7.432269;12;
2.037339;12;12;12;5.199709;12;12;7.455164;12;
1.973664;12;12;12;5.17983;12;12;7.425049;12;
2.050322;12;12;12;5.181601;12;12;7.444643;12;
1.987577;12;12;12;5.162894;12;12;7.418005;12;
2.059392;12;12;12;5.168989;12;12;7.437446;12;
1.997432;12;12;12;5.15111;12;12;7.413159;12;
2.069484;12;12;12;5.154907;12;12;7.429524;12;
2.008515;12;12;12;5.137967;12;12;7.407815;12;
2.077268;12;12;12;5.143635;12;12;7.423208;12;
2.017439;12;12;12;5.127538;12;12;7.403613;12;
2.087584;12;12;12;5.138483;12;12;7.42184;12;
12;8.518459;7.869676;12;5.667789;5.310441;12;12;3.051414;
2.116784;12;12;6.918854;5.141875;12;12;7.43024;12;
12;8.517412;7.863516;12;5.674106;5.311959;12;12;3.045122;
2.131854;12;12;6.683881;5.145591;12;12;7.436425;12;
12;8.516005;7.861233;12;5.675942;5.311989;12;12;3.045709;
2.262853;12;12;5.97952;5.200709;12;12;7.524935;12;
12;8.504643;7.849469;12;5.683414;5.310041;12;12;3.059965;
2.363351;12;12;5.754146;5.254826;12;12;7.61185;12;
12;8.491735;7.842193;12;5.685099;5.305778;12;12;3.085659;
2.537328;12;12;5.535299;5.356934;12;8.610191;7.784057;12;
12;8.472119;7.832917;12;5.685638;5.298657;12;12;3.130338;
2.838608;12;12;5.361734;5.521708;12;8.048794;8.089229;12;
12;8.447165;7.822697;12;5.684484;5.288996;12;12;3.198071;
12;12;12;5.243258;5.756608;12;7.737937;8.640209;12;
12;8.420915;7.812916;12;5.682092;5.2784;12;12;3.291072;
12;12;12;5.144483;6.30518;12;7.486917;12;12;
12;8.38434;7.800239;12;5.677501;5.263116;12;12;11.02075;
12;12;12;5.100936;12;12;7.359155;12;12;
12;8.349717;7.788967;12;5.672137;5.248175;12;12;11.03356;
12;12;12;5.092319;12;12;7.303701;12;12;
12;8.319141;7.779409;12;5.666787;5.23466;12;12;11.04471;
12;12;6.637436;5.127492;12;12;7.300166;12;12;
12;8.270239;7.764597;12;5.65737;5.21251;12;12;11.06248;
12;12;5.846907;5.220146;12;12;7.391811;12;6.543018;
12;8.221069;7.750204;12;5.646955;5.189616;12;12;11.08036;
12;12;5.526948;5.365313;12;8.656207;7.573483;12;5.840062;
12;8.174383;7.736865;12;5.636334;5.16734;12;12;11.09748;
12;12;5.293737;5.665878;12;7.78193;8.01688;12;5.431844;
12;8.113739;7.719912;12;5.621617;5.137652;12;12;11.12002;
12;12;5.181175;6.129442;12;7.444025;12;12;5.216565;
12;8.060598;7.705332;12;5.607975;5.11098;12;12;11.14017;
12;12;5.126209;12;12;7.248791;12;12;5.070435;
12;8.006609;7.690743;12;5.593463;5.083273;12;12;11.16107;
12;12;5.119191;12;12;7.143089;12;12;4.968842;
12;7.94988;7.675639;12;5.577563;5.053516;12;12;11.18358;
12;6.74915;5.157729;12;12;7.114116;12;12;4.9065;
12;7.893365;7.660817;12;5.561095;5.02323;12;12;11.20661;
12;5.830515;5.279534;12;12;7.179232;12;12;4.870119;
12;7.817734;7.641318;12;5.538153;4.981724;12;12;11.23846;
12;5.534798;5.447205;12;8.52431;7.32498;12;6.011614;4.873907;
12;7.756082;7.625745;12;5.518721;4.947076;12;12;11.26538;
12;5.352021;5.714868;12;7.705581;7.597387;12;5.508766;4.907141;
12;7.691411;7.609735;12;5.497667;4.909962;12;12;11.29461;
12;5.247095;6.148976;12;7.329215;8.099001;12;5.219721;4.968892;
12;7.627468;7.594272;12;5.47621;4.87251;12;12;11.32457;
12;5.192297;12;12;7.083313;12;12;5.003706;5.072776;
12;7.557209;7.577764;12;5.451928;4.830497;12;12;11.35881;
12;5.193447;12;12;6.914282;12;12;4.818057;5.26848;
12;7.469059;7.557876;12;5.420459;4.776522;12;12;11.40387;
6.897232;5.240392;12;12;6.856861;12;12;4.716568;5.494496;
12;7.401178;7.543268;12;5.39551;4.734016;12;12;11.4403;
6.082734;5.332714;12;12;6.85146;12;12;4.636689;5.891104;
12;7.329321;7.528626;12;5.368453;4.68815;12;12;11.48061;
5.744338;5.48008;12;12;6.901774;12;12;4.576157;12;
12;7.254362;7.514358;12;5.339559;4.639344;12;12;11.52473;
5.557035;5.677345;12;7.977814;7.003048;12;12;4.535613;12;
12;7.183742;7.502033;12;5.31174;4.592478;12;12;11.56838;
5.444127;5.941692;12;7.424235;7.157515;12;5.745659;4.508611;12;
12;7.116262;7.491451;12;5.284637;4.546896;12;12;11.61212;
5.358793;6.565202;12;7.010815;7.506996;12;5.226836;4.486279;12;
12;7.024177;7.479222;12;5.246903;4.48344;12;12;11.67531;
5.333538;12;12;6.806863;8.035874;12;4.98249;4.478053;12;
12;6.954051;7.471972;12;5.217623;4.434148;12;12;11.72637;
5.336722;12;12;6.653429;12;12;4.788173;4.475687;12;
12;6.880848;7.466691;12;5.186602;4.381795;12;12;11.78265;
5.365278;12;12;6.545396;12;12;4.635934;4.477915;12;
12;6.80962;7.464243;12;5.156021;4.32998;12;12;11.84061;
5.436995;12;12;6.450023;12;12;4.473473;4.485227;12;
12;6.717011;7.465968;12;5.115757;4.261309;12;12;11.92118;
5.519086;12;12;6.403761;12;12;4.366469;4.492865;12;
12;6.645206;7.472103;12;5.084229;4.207044;12;12;11.9882;
5.623909;12;12;6.377815;12;12;4.272414;4.500669;11.98511;
12;6.574266;7.483422;12;5.052894;4.152553;12;12;12;
5.764955;12;12;6.369297;12;12;4.181369;4.508029;11.96358;
12;6.498494;7.503017;12;5.019315;4.093368;12;12;12;
5.955789;12;7.88016;6.380408;12;12;4.091966;4.513083;11.96944;
12;6.417503;7.535624;12;4.983459;4.028979;12;12;12;
6.183563;12;7.213042;6.408852;12;12;4.013884;4.513153;11.99598;
12;6.341912;7.582006;12;4.950176;3.967802;12;12;12;
6.58097;12;6.78098;6.469761;12;12;3.921094;4.504256;12;
12;6.247356;7.677629;12;4.909073;3.889763;12;12;12;
7.11185;12;6.544259;6.538967;12;12;3.851412;4.488791;12;
12;6.173979;7.817353;12;4.877908;3.828024;12;12;12;
12;12;6.343425;6.638715;12;12;3.778434;4.462304;12;
12;6.095885;12;12;4.845841;3.76114;5.506325;12;12;
12;12;6.191718;6.760428;12;12;3.712481;4.427522;12;
12;6.024875;12;12;4.818069;3.699231;5.092277;12;12;
12;12;6.061475;6.927827;12;12;3.64654;4.381935;12;
12;5.954064;12;12;4.79224;3.636418;4.83185;12;12;
12;12;5.946271;7.189114;12;12;3.579383;4.324255;12;
12;5.882607;12;12;4.768842;3.57189;4.615178;12;12;
12;12;5.846743;12;12;12;3.51324;4.256705;12;
12;5.813227;12;12;4.749717;3.50808;4.428399;12;12;
12;12;5.756216;12;12;4.980506;3.445264;4.177316;12;
12;5.743239;12;12;4.735629;3.442484;4.254881;12;12;
12;12;5.670702;12;12;4.735505;3.372937;4.083367;12;
12;5.670442;12;12;4.729429;3.372851;4.085308;12;12;
12;12;5.577339;12;12;4.519634;3.283178;3.955425;12;
12;5.582686;12;12;4.742044;3.286842;3.891212;12;12;
12;12;5.513751;12;12;4.386521;3.214427;3.851181;12;
12;5.517487;12;12;4.78116;3.221352;3.75224;12;12;
12;12;5.455683;12;12;4.270194;3.145219;3.742484;12;
12;5.453693;12;12;4.906873;3.155803;3.619303;12;12;
12;12;5.404474;12;12;4.170253;3.078186;3.634653;12;
12;5.393695;12;12;12;3.092667;3.496186;12;12;
12;12;5.371646;12;12;4.106901;3.031762;3.559023;12;
12;5.353176;12;12;12;3.049145;3.413754;12;12;
12;6.871282;5.309165;12;12;3.982802;2.933574;3.399068;12;
12;5.270325;12;12;12;2.957716;3.246147;12;12;
12;6.340817;5.264898;12;12;3.897872;2.855011;3.269236;12;
12;5.206858;12;12;12;2.884934;3.117464;11.92854;12;
12;6.040159;5.229922;12;12;3.827672;2.784506;3.153648;12;
12;5.152191;12;12;11.95642;2.819996;3.005661;11.85826;12;
12;5.801217;5.198856;12;12;3.764683;2.713325;3.037298;12;
6.803981;5.099282;12;12;11.85738;2.754695;2.895765;11.79113;12;
12;5.542663;5.165696;12;12;3.692384;2.620453;2.887303;12;
6.20176;5.033992;12;12;11.7248;2.669968;2.756429;11.70914;12;
12;5.371127;5.146547;12;12;3.645707;2.548998;2.773351;12;
5.916004;4.987037;12;12;11.61988;2.605118;2.65197;11.65008;12;
12;5.214311;5.133645;12;12;3.608323;2.476334;2.658809;12;
5.677649;4.942595;12;12;11.5102;2.539473;2.547885;11.59351;12;
12;5.082673;5.128256;12;12;3.587577;2.4096;2.554528;12;
5.486262;4.904968;12;12;11.40631;2.479435;2.453858;11.54462;12;
12;4.954238;5.129489;12;12;3.592318;2.339583;2.445366;12;
5.30347;4.868691;12;12;11.29296;2.416684;2.35623;11.49658;12;
12;4.850885;5.137971;12;12;3.63708;2.279274;2.351715;12;
5.157996;4.841135;12;12;11.19147;2.362785;2.27292;3.470433;12;
12;4.756012;5.153004;12;12;3.856367;2.221507;2.261582;11.98096;
5.024946;4.817786;12;12;11.08943;2.311323;2.193169;3.11718;12;
12;4.667231;5.178567;11.93812;12;10.91842;2.165179;2.174093;11.90066;
4.901363;4.799316;12;12;10.98541;2.261492;2.11573;2.863714;12;
12;4.583809;5.215823;11.82268;12;10.80555;2.110679;2.088924;3.363775;
4.785298;4.786144;12;12;10.87881;2.213603;2.040475;2.655573;12;
12;4.510501;5.265793;11.71441;12;10.69713;2.061603;2.011848;2.956285;
4.683411;4.77969;12;12;10.77694;2.170936;1.972334;2.487145;12;
12;4.433798;5.34634;11.59279;12;10.57273;2.009308;1.928908;2.664131;
4.576685;4.780529;11.93477;12;10.66054;2.126184;1.898944;2.320461;12;
12;4.372921;5.448133;11.48889;12;10.46484;1.967241;1.861464;2.469157;
4.491813;4.789283;11.79312;12;10.55961;2.091126;1.839158;2.193074;12;
12;4.300876;5.660006;11.35425;12;10.32218;1.917262;1.778717;2.258074;
4.390293;4.814281;11.61113;12;10.42682;2.050709;1.765861;2.044756;12;
12;4.251081;6.064307;11.2519;12;10.21228;1.88284;1.719714;2.120965;
4.319309;4.845984;11.4739;12;10.32439;2.024533;1.713574;1.942973;12;
12;4.204013;12;11.14539;12;10.09663;1.851552;1.662332;1.994467;
4.25111;4.893517;11.33252;12;10.21695;2.002547;1.662855;1.846455;12;
5.608175;4.164739;12;11.0465;12;9.988242;1.826632;1.612698;1.889553;
4.192948;4.955252;11.2023;12;10.11619;1.987478;1.619096;1.764404;12;
5.247636;4.130413;12;10.94897;12;9.880259;1.806142;1.567125;1.796141;
4.140454;5.039394;11.07462;12;10.01558;1.978394;1.579082;1.689866;12;
5.004023;4.100817;12;10.85248;12;9.772658;1.791073;1.525836;1.71272;
4.093322;5.155906;10.94936;12;9.915325;1.976516;1.5431;1.622484;2.863744;
4.809882;4.076286;12;10.75694;12;9.664712;1.78099;1.488268;1.637702;
4.051346;5.330964;10.82547;12;9.814415;1.982732;1.510718;1.561;2.421954;
4.651861;4.056919;12;10.66331;12;9.558175;1.777612;1.45535;1.571306;
4.015035;5.663018;10.70506;12;9.714793;1.998879;1.482805;1.506313;2.186197;
4.515804;4.043285;12;10.57196;12;9.452315;1.78043;1.426493;1.51239;
3.984144;12;10.58706;12;9.615499;2.026979;1.458977;1.457333;2.014457;
4.349526;4.038297;12;10.45462;12;9.305982;1.790474;1.391317;1.441324;
3.951368;12;10.42717;12;9.477171;2.090493;1.431544;1.396902;1.831156;
4.244799;4.048017;12;10.38097;12;9.200999;1.800112;1.36837;1.396293;
3.936033;12;10.3155;12;9.376979;2.160445;1.415163;1.357816;1.724169;
4.151863;4.071029;12;10.31768;12;9.095148;1.812364;1.347;1.355027;
3.927691;12;10.20538;12;9.27499;2.267619;1.401538;1.321765;1.631047;
4.07268;4.108662;12;10.26693;12;8.990125;1.828405;1.327587;1.317541;
3.926704;12;10.09842;12;9.172596;2.460972;1.391064;1.28917;1.550156;
4.004053;4.161412;12;10.21798;12;8.877442;1.859437;1.311088;1.281751;
3.932735;12;9.98636;12;9.062733;12;1.384971;1.259096;1.475874;
3.951616;4.223279;12;10.17422;12;8.769971;1.908396;1.300588;1.25259;
3.944885;12;9.881998;12;8.958531;12;1.385254;1.235757;1.416216;
3.899841;4.321508;12;10.12156;12;8.632308;2.010935;1.29498;1.222426;
3.969979;12;9.751999;12;8.826089;12;1.39504;1.213392;1.353629;
3.86955;4.416662;12;10.08266;12;8.524405;2.145451;1.297046;1.204412;
3.997562;12;9.652933;12;8.723082;12;1.410819;1.201692;1.314114;
3.852261;4.50012;12;10.05515;12;8.444503;2.316593;1.302433;1.194241;
4.022773;12;9.581107;12;8.647224;12;1.427577;1.196309;1.28971;
3.834517;4.64431;12;10.01778;12;8.33069;12;1.316125;1.184391;
4.066268;12;9.480969;12;8.53972;12;1.459777;1.193461;1.261506;
3.822915;4.8848;12;9.975165;12;8.191103;12;1.343364;1.179738;
4.133125;12;9.361443;12;8.408587;12;1.514784;1.197783;1.236609;
3.821055;5.145603;12;9.946669;12;8.090811;12;1.370816;1.181473;
4.19165;12;9.277705;12;8.314765;12;1.567041;1.206313;1.224851;
3.824722;12;12;9.919383;12;7.984812;12;1.40784;1.18798;
4.26467;12;9.191041;12;8.215844;12;1.636795;1.220427;1.217682;
3.837231;12;11.1825;9.889231;12;7.852488;12;1.467421;1.20299;
4.375243;12;9.085449;12;8.092626;12;1.75169;1.245717;1.215995;
3.8562;12;10.45613;9.86711;12;7.732285;12;1.536836;1.223464;
4.499609;12;8.99193;12;7.980805;12;1.895955;1.276523;1.221218;
3.877789;12;10.13889;9.853243;12;7.631303;12;1.609016;1.2459;
4.6279;12;8.915112;12;7.886888;12;2.068321;1.308578;1.230465;
3.908185;12;9.852688;9.844563;12;7.518504;12;1.708692;1.276881;
4.808861;12;8.831187;12;7.781925;12;2.406947;1.351586;1.245976;
3.944661;12;9.610228;9.845104;12;7.407929;12;1.832692;1.313653;
5.052252;12;8.750859;12;7.678934;12;12;1.401802;1.266474;
3.982783;12;9.415994;9.855823;12;7.309972;12;1.974455;1.351861;
5.404909;12;8.681335;12;7.587574;12;12;1.453643;1.289025;
4.031673;12;9.217498;9.884112;12;7.201697;12;2.1914;1.400691;
12;12;8.606334;12;7.486421;8.952834;12;1.519936;1.318803;
4.111659;12;8.964875;9.973735;12;7.052547;12;12;1.480396;
12;12;8.506312;12;7.346726;8.490597;12;1.629199;1.368334;
4.170918;12;8.814037;10.10705;12;6.957707;12;12;1.539378;
12;12;8.444822;12;7.257668;8.258536;12;1.711489;1.405091;
4.236639;12;8.671091;12;12;6.863959;12;12;1.6048;
12;12;8.385736;12;7.169427;8.050772;12;1.804714;1.44558;
4.321814;12;8.513544;12;12;6.756436;12;12;1.68959;
12;12;8.320185;12;7.067962;7.829861;12;1.92952;1.497279;
4.417026;12;8.364724;12;12;6.650937;12;12;1.784399;
12;12;8.258339;12;6.968126;7.626019;12;2.076142;1.553698;
4.5366;12;8.20788;12;12;6.5357;12;12;1.903528;
12;12;8.193838;12;6.858743;7.414264;12;2.275755;1.622096;
4.663183;12;8.069215;12;12;6.430423;12;12;2.029725;
12;12;8.137961;12;6.758503;7.228594;12;2.518631;1.691129;
4.848095;12;7.904373;12;12;6.301182;12;12;2.214242;
12;9.398369;8.073817;12;6.635025;7.008782;12;3.060846;1.785044;
5.017956;12;7.78313;12;12;6.203308;12;12;2.383941;
12;8.961557;8.028905;12;6.541206;6.847253;12;12;1.863418;
5.249849;12;7.653504;12;12;6.096023;12;12;2.616002;
12;8.623969;7.983806;12;6.438057;6.674317;12;12;1.957157;
5.536207;12;7.538521;12;12;5.998551;12;12;2.903649;
12;8.369272;7.947092;12;6.344058;6.520452;12;12;2.050078;
6.061756;12;7.428514;12;12;5.903246;12;12;3.447388;
12;8.14864;7.91571;12;6.251891;6.37265;12;12;2.148815;
12;12;7.305055;12;12;5.793855;12;12;12;
12;7.919318;7.886118;12;6.145791;6.205855;12;12;2.27291;
12;12;7.196223;12;12;5.695232;12;12;12;
12;7.728999;7.866471;12;6.049844;6.057809;12;12;2.396029;
12;12;7.110824;12;12;5.616368;7.265684;12;12;
12;7.585776;7.85654;12;5.972922;5.940863;12;12;2.503313;
12;12;7.000761;12;12;5.512736;6.808303;12;12;
12;7.40768;7.853119;12;5.871591;5.788963;12;12;2.658327;
12;12;6.882382;12;12;5.398676;6.451451;12;12;
12;7.222944;7.86578;12;5.759722;5.623883;12;12;2.851596;
12;12;6.790725;12;12;5.308407;6.210974;12;12;
12;7.083994;7.892663;12;5.670945;5.494662;12;12;3.026376;
12;12;6.700696;12;12;5.217984;5.992021;12;12;
12;6.950491;7.941662;12;5.581802;5.366371;12;12;3.228016;
12;12;6.607949;12;12;5.122895;5.778395;12;12;
12;6.815689;8.032559;12;5.487839;5.2326;12;12;3.483165;
12;12;6.522686;12;12;5.033628;5.589529;12;12;
12;6.693915;8.198634;12;5.399425;5.107993;12;12;3.796607;
12;12;6.440783;12;12;4.946077;5.412991;12;12;
12;6.57867;12;12;5.312531;4.986628;12;12;4.373228;
12;12;6.338681;12;12;4.83423;5.197569;12;12;
12;6.437093;12;12;5.201267;4.832683;12;12;11.70994;
12;12;6.263194;12;12;4.749418;5.040493;12;12;
12;6.333735;12;12;5.116719;4.716692;12;12;11.73603;
12;12;6.184545;12;12;4.658909;4.877908;12;12;
12;6.227085;12;12;5.026336;4.593544;12;12;11.76793;
12;12;6.115012;12;12;4.576871;4.734434;12;12;
12;6.133563;12;12;4.944281;4.48242;12;12;11.80056;
12;12;6.048353;12;12;4.496205;4.596543;12;12;
12;6.044466;12;12;4.863492;4.373568;12;12;11.83621;
12;12;5.982976;12;12;4.414918;4.460409;12;12;
12;5.957511;12;12;4.781985;4.264223;12;12;11.87585;
12;12;5.920922;12;12;4.335477;4.329799;12;12;
12;5.875265;12;12;4.702258;4.157642;12;12;11.91838;
12;12;5.860961;12;12;4.256263;4.201687;12;12;
12;5.795949;12;12;4.622702;4.051573;12;12;11.96468;
12;7.229603;5.800188;12;12;4.173038;4.06911;12;12;
12;5.715555;12;12;4.539088;3.940276;12;12;12;
12;6.781708;5.732311;12;12;4.075778;3.916459;12;12;
12;5.625525;12;12;4.441379;3.810278;12;12;12;
12;6.522027;5.68214;12;12;4.000197;3.79927;12;12;
12;5.558578;12;12;4.365493;3.709184;12;12;12;
12;6.306334;5.636148;12;12;3.927332;3.687285;12;12;
12;5.496667;12;12;4.292424;3.611565;12;12;12;
12;6.098796;5.589554;12;12;3.848908;3.56762;12;12;
12;5.433085;12;12;4.213932;3.506187;12;12;12;
12;5.934456;5.55208;12;12;3.781216;3.464857;12;12;
7.032977;5.380933;12;12;4.146372;3.414838;4.840398;12;12;
12;5.781325;5.51767;12;12;3.713836;3.362852;12;12;
6.538638;5.331757;12;12;4.079386;3.3234;4.470527;12;12;
12;5.643559;5.488048;12;12;3.649804;3.265969;12;12;
6.235824;5.287801;12;12;4.016055;3.235865;4.201516;12;12;
12;5.512338;5.462018;12;12;3.585949;3.169163;12;12;
5.990752;5.24698;12;12;3.953344;3.147743;3.969416;12;12;
12;5.392525;5.44118;12;12;3.525369;3.076868;4.512365;12;
5.788154;5.211405;12;12;3.894416;3.063125;3.769159;12;12;
12;5.238918;5.420786;12;12;3.444866;2.952922;3.974392;12;
5.547792;5.169778;12;12;3.817354;2.948583;3.522056;12;12;
12;5.135294;5.41294;12;12;3.389086;2.865594;3.708343;12;
5.394587;5.145533;12;12;3.765202;2.867268;3.35898;12;12;
12;5.040124;5.411827;12;12;3.337147;2.782613;3.490424;12;
5.258806;5.127226;12;12;3.718024;2.789534;3.210557;12;12;
12;4.947798;5.41849;12;12;3.286508;2.699408;3.293561;12;
5.130828;5.114441;12;12;3.673971;2.711139;3.067003;12;12;
12;4.863268;5.433956;12;12;3.240421;2.620722;3.121622;12;
5.016435;5.108594;12;12;3.636517;2.636589;2.935334;12;12;
12;4.778274;5.462484;12;12;3.195075;2.538975;2.9541;12;
4.903735;5.1105;12;12;3.603838;2.558715;2.802123;12;12;
12;4.683336;5.517996;12;12;3.147036;2.444187;2.770905;12;
4.780266;5.125871;12;12;3.578275;2.467874;2.651524;12;12;
12;4.614059;5.584104;12;12;3.115263;2.372385;2.638487;12;
4.691597;5.150012;12;12;3.57346;2.398673;2.539783;12;12;
12;4.550091;5.678837;12;12;3.090255;2.303804;2.516212;12;
4.610682;5.186809;12;12;3.59024;2.332256;2.434632;12;12;
12;4.487411;5.834403;12;12;3.072545;2.234117;2.395503;12;
4.532206;5.243384;11.91047;12;3.655261;2.264443;2.3291;12;12;
12;4.433565;6.120902;11.95729;12;3.066538;2.171904;2.290266;12;
4.465366;5.317932;11.81364;12;10.9737;2.203617;2.235773;12;12;
12;4.384249;12;11.87038;12;3.074333;2.112598;2.191774;12;
4.404574;5.422647;11.71931;12;10.86167;2.145371;2.147366;12;12;
12;4.339771;12;11.78527;12;3.102075;2.056722;2.100274;12;
4.350052;5.575764;11.62823;12;10.7508;2.090248;2.064354;3.239651;12;
5.845539;4.288532;12;11.67631;12;3.194092;1.98861;1.989917;3.224313;
4.28754;5.994898;11.51361;12;10.60706;2.022701;1.963144;2.804337;12;
5.543522;4.26387;12;11.61808;12;3.313787;1.953903;1.933949;2.909012;
4.257539;12;11.45329;12;10.52936;1.988119;1.91137;2.639678;12;
5.167145;4.220776;12;11.50235;12;10.55175;1.888745;1.828727;2.525727;
4.20517;12;11.33546;12;10.37296;1.922849;1.81324;2.373731;12;
4.975732;4.195982;12;11.42279;12;10.42393;1.847188;1.760974;2.332167;
4.175004;12;11.25616;12;10.26383;1.880939;1.749506;2.221532;12;
4.794753;4.173018;12;11.3327;12;10.27839;1.803672;1.688704;2.149561;
4.146924;12;11.16816;12;10.1385;1.836747;1.681048;2.070134;12;
4.67395;4.159312;12;11.26338;12;10.1657;1.773034;1.636329;2.027822;
4.129991;12;11.10185;12;10.04069;1.805384;1.631125;1.965739;12;
4.571919;4.149825;12;11.19826;12;10.05922;1.746761;1.589727;1.925062;
4.118053;12;11.04076;12;9.947659;1.778258;1.586473;1.875757;12;
4.44238;4.142494;12;11.10554;12;9.906347;1.714068;1.527788;1.79466;
4.108256;12;10.95599;12;9.813064;1.744035;1.526771;1.759374;12;
4.32812;4.143274;12;11.01256;12;9.751279;1.687723;1.471063;1.67967;
4.107889;12;10.87389;12;9.675321;1.715731;1.4717;1.654895;12;
4.257087;4.149199;12;10.94827;12;9.642829;1.67394;1.435143;1.608189;
4.113903;12;10.81907;12;9.57827;1.700294;1.436599;1.589135;12;
4.18287;4.162166;12;10.87455;12;9.517005;1.663406;1.397451;1.533504;
4.128009;12;10.75845;12;9.464925;1.687491;1.399531;1.519792;12;
4.096035;4.190986;12;10.77741;12;9.348422;1.660003;1.353917;1.4461;
4.160398;12;10.68285;12;9.311834;1.680295;1.35631;1.437834;2.361439;
4.042628;4.220385;12;10.70993;12;9.229058;1.666428;1.328138;1.392328;
4.194046;12;10.63376;12;9.202593;1.683334;1.330401;1.386976;2.102534;
3.99493;4.258948;12;10.64277;12;9.108068;1.682025;1.306497;1.344275;
4.238761;12;10.58832;12;9.091155;1.694671;1.308326;1.341233;1.923151;
3.953872;4.307089;12;10.57776;12;8.988436;1.708449;1.289778;1.302886;
4.29533;12;10.54826;12;8.980265;1.71571;1.290868;1.301588;1.787504;
3.919806;4.364688;12;10.51646;12;8.872913;1.747066;1.278306;1.268515;
4.364021;12;10.51491;12;8.872525;1.747476;1.278368;1.268462;1.682209;
3.890982;4.435808;12;10.4565;12;8.756852;1.802949;1.271701;1.239392;
4.450391;12;10.48756;12;8.763646;1.793871;1.270383;1.240206;1.595163;
3.867236;4.524657;12;10.39771;12;8.639394;1.884148;1.270393;1.215351;
4.560989;12;10.46738;12;8.652792;1.86077;1.267275;1.21669;1.522207;
3.843829;4.680863;12;10.32202;12;8.481344;2.061682;1.277945;1.191556;
4.764803;12;10.4551;12;8.502592;2.000844;1.271633;1.193083;1.443619;
3.833087;4.83174;12;10.27058;12;8.368076;2.313327;1.290596;1.180539;
4.979379;12;10.45993;12;8.39422;2.171192;1.281313;1.181848;1.399013;
3.82742;5.04107;12;10.2218;12;8.254613;12;1.310013;1.174597;
5.3495;11.15688;10.48026;12;8.285037;12;1.29703;1.175387;1.362905;
3.826919;5.40149;12;10.17633;12;8.141513;12;1.336846;1.173819;
12;10.67599;10.52227;12;8.175606;12;1.319256;1.17378;1.334664;
3.832051;12;11.08214;10.13248;12;8.022571;12;1.37418;1.17866;
12;10.32323;10.60364;12;8.059858;12;1.350451;1.177383;1.312642;
3.84227;12;10.63377;10.09579;12;7.911145;12;1.418896;1.188602;
12;10.04911;10.74872;12;7.950817;12;1.387808;1.185781;1.298669;
3.85794;12;10.32262;10.06418;12;7.799496;12;1.474782;1.203987;
12;9.806727;12;12;7.84097;12;1.434183;1.199191;1.290755;
3.886552;12;9.991504;10.03297;12;7.655457;12;1.566956;1.232219;
12;9.526386;12;12;7.698368;12;1.509455;1.224118;1.289082;
3.914848;12;9.770097;10.01865;12;7.546364;12;1.655929;1.260215;
12;9.332075;12;12;7.58971;12;1.580299;1.248924;1.293941;
3.947315;12;9.575583;10.01508;12;7.442823;12;1.760816;1.292384;
12;9.159019;12;12;7.48605;12;1.661096;1.277392;1.30327;
3.992001;12;9.365428;10.02813;12;7.323371;12;1.917158;1.336706;
12;8.970903;12;12;7.365818;12;1.775061;1.316449;1.319588;
4.039189;12;9.187152;10.06443;12;7.216178;12;2.110288;1.383546;
12;8.811158;12;12;7.257344;12;1.902711;1.357443;1.339196;
4.092349;12;9.020637;10.14304;12;7.111395;12;2.407815;1.436339;
12;8.662296;12;12;7.150767;12;2.061635;1.403244;1.362824;
4.154115;12;8.85822;10.39916;12;7.004996;12;12;1.497698;
12;8.517797;12;12;7.041998;12;2.28249;1.45589;1.391281;
4.222478;12;8.705921;12;12;6.901547;12;12;1.565628;
12;8.383188;12;12;6.935717;12;2.653389;1.513383;1.423227;
4.330919;12;8.5057;12;12;6.76026;12;12;1.673391;
12;8.207982;12;12;6.789697;12;12;1.602768;1.47364;
4.422547;12;8.364992;12;12;6.65742;12;12;1.764441;
12;8.086301;12;12;6.682785;12;12;1.676431;1.515258;
4.527916;12;8.226856;12;12;6.553633;12;12;1.869123;
12;7.968254;12;12;6.574352;12;12;1.758872;1.561473;
4.527916;12;8.226856;12;12;6.553633;12;12;1.869123;
12;7.968254;12;12;6.574352;12;12;1.758872;1.561473;
4.803916;12;7.948776;12;12;6.336219;12;12;2.143106;
12;7.735679;12;12;6.345417;12;12;1.962009;1.672132;
4.968376;12;7.824168;12;12;6.235089;12;12;2.306114;
12;7.634088;12;12;6.238091;12;12;2.073093;1.730074;
5.182305;12;7.695314;12;12;6.12806;12;12;2.51768;
12;7.531072;12;12;6.123916;12;12;2.204697;1.795944;
